site,latitude,longitude,slope,elevation,canopy_height,forest_cover,silt,sand,clay
Anchorage-Campbell Tract,61.15805556,-149.7736111,0.519913911819,104,19,100,52.0,40.0,8.0
Bears Den,65.11638889,-147.8005556,1.43069469929,290,18,100,60.0,37.0,3.0
CR Gulkana,62.15916667,-145.4483333,0.57032096386,443,17,150,89.0,8.0,3.0
CR Kenny Lake,61.72972222,-144.955,0.351817190647,373,19,90,39.0,40.0,21.0
CR Mendeltna,62.04777778,-146.5322222,0.384879499674,655,11,90,59.0,33.0,8.0
Denali-DVC,63.73555556,-148.8988889,2.78701162338,492,17,90,39.0,40.0,21.0
Fairbanks-Ballaine,64.91361111,-147.8375,0.30976575613,185,17,100,59.0,33.0,8.0
Hammond,64.00444444,-145.6586111,0.250932693481,380,19,90,58.0,34.0,8.0
Harding Lake,64.44416667,-146.8333333,0.173472598195,221,19,90,59.0,33.0,8.0
Holmes Rd,64.82361111,-147.5522222,0.281333982944,139,0,120,59.0,33.0,8.0
McGrath,62.888642,-155.546499,0.03106838651,97,9,90,59.0,33.0,8.0
MSS Burnt Butte,61.56138889,-148.9919444,0.287719547749,48,16,100,38.0,54.0,8.0
Panoramic,63.89611111,-145.275,0.0505475848913,365,21,150,18.0,73.0,9.0
Rex Bridge,64.21638889,-149.2994444,0.214189380407,213,20,150,60.0,37.0,3.0
Silver Fox,63.90277778,-145.2430556,0.0979573875666,362,0,90,58.0,37.0,5.0
Sterling,60.56055556,-150.6255556,0.827579498291,75,17,90,58.0,34.0,8.0
Tanana Loop,64.08472222,-145.7813889,0.096497438848,331,0,150,59.0,33.0,8.0
Tok,63.355,-143.0394444,0.107095062733,498,19,140,58.0,34.0,8.0
Willow,61.78638889,-150.0855556,0.0271685160697,45,12,90,60.0,38.0,2.0
Broken Kettle Grasslands - Stevenson Ridge,42.68888889,-96.55111111,1.28395497799,410,0,70,69.0,12.0,19.0
Broken Kettle Grasslands - Stevenson Timber,42.68777778,-96.55277778,1.28395497799,416,0,120,69.0,12.0,19.0
Broken Kettle Grasslands,42.695,-96.565,1.43726205826,387,0,140,69.0,12.0,19.0
Hitchcock Cedar Fuels,41.41972222,-95.85083333,1.00182330608,376,21,140,69.0,7.0,24.0
Hitchcock Nature Center,41.41972222,-95.85083333,1.00182330608,376,21,140,69.0,7.0,24.0
LHSF Cedar Fuels,41.6775,-95.93611111,0.608883917332,327,15,20,67.0,9.0,24.0
Loess Hills State Forest,41.6775,-95.93611111,0.608883917332,327,15,20,67.0,9.0,24.0
Waubonsie Cedar Fuels,40.67222222,-95.69166667,0.550103664398,334,0,100,69.0,7.0,24.0
Waubonsie State Park,40.67222222,-95.69166667,0.550103664398,334,0,100,69.0,7.0,24.0
1,44.37194444,-68.25833333,0.810460746288,96,23,50,-999.0,-999.0,-999.0
ACADHQ,44.37194444,-68.25833333,0.810460746288,96,23,50,-999.0,-999.0,-999.0
8Mile,46.10194444,-86.39805556,0.135842338204,200,16,70,1.0,95.0,4.0
Brimley,46.41888889,-84.66305556,0.28244176507,250,19,50,1.0,95.0,4.0
Burma,46.05416667,-84.95444444,0.0982467755675,228,16,100,1.0,95.0,4.0
Dick Road,46.32027778,-84.83277778,0.311228603125,268,13,70,1.0,95.0,4.0
Gooseneck,46.0925,-86.54805556,0.195479005575,237,16,70,1.0,93.0,6.0
Hovey Lake,46.28916667,-86.69666667,0.206908375025,278,17,50,1.0,93.0,6.0
Rexford,46.39666667,-84.83277778,0.195624187589,270,13,70,1.0,95.0,4.0
Stonington,45.90166667,-86.91833333,0.0842459350824,194,17,70,0.0,0.0,0.0
Grant,44.11333333,-86.37444444,0.0910479873419,207,22,70,1.0,94.0,5.0
McDuffy,43.73305556,-85.75666667,0.212726429105,294,22,100,10.0,85.0,5.0
Mio #1,44.565184,-84.089653,0.0953133776784,366,18,70,1.0,94.0,5.0
Mio #2,44.566952,-83.968439,0.192109718919,378,21,70,1.0,94.0,5.0
Mio #3,44.550148,-84.210299,0.293192893267,346,21,70,1.0,94.0,5.0
Mio #4,44.614381,-84.319636,0.325059443712,350,18,100,1.0,94.0,5.0
Mio #5,44.556412,-84.158396,0.30903172493,363,13,70,1.0,94.0,5.0
North Peacock,44.16305556,-85.80527778,0.0271685160697,295,19,70,1.0,94.0,5.0
Peacock Trail,43.93527778,-85.87833333,0.0979573875666,281,21,70,1.0,94.0,5.0
Shores #1,44.409931,-83.363102,0.106563575566,188,17,70,-999.0,-999.0,-999.0
Shores #2,44.424546,-83.585113,0.106563575566,252,16,70,1.0,95.0,4.0
Shores #3,44.496552,-83.602584,0.0271685160697,252,19,70,1.0,95.0,4.0
Shores #4,44.445705,-83.421729,0.610373914242,194,18,120,-999.0,-999.0,-999.0
Mio,44.67777778,-84.12888889,0.0673967674375,314,17,70,1.0,94.0,5.0
Red Oak,44.72361111,-84.29583333,0.171993419528,364,18,70,1.0,94.0,5.0
Hog Creek,47.80111111,-90.95361111,0.0932050868869,560,19,100,24.0,68.0,8.0
Koski,47.80194444,-90.8675,0.430554062128,525,17,70,24.0,68.0,8.0
Mid-Gunflint Trail,48.04361111,-90.45638889,0.961259663105,573,17,100,24.0,68.0,8.0
Trappers,47.62166667,-91.33472222,0.120798125863,589,17,50,23.0,70.0,7.0
Rome-Mixed Immature LFM,44.24555556,-89.81444444,0.104682102799,310,17,70,1.0,95.0,4.0
Rome-Mixed Mature LFM,44.24555556,-89.81444444,0.104682102799,310,17,70,1.0,95.0,4.0
Rome-New Needles LFM,44.24555556,-89.81444444,0.104682102799,310,17,70,1.0,95.0,4.0
Rome-Old Needles LFM,44.24555556,-89.81444444,0.104682102799,310,17,70,1.0,95.0,4.0
Rome-RWC,44.2425,-89.82888889,0.0694709941745,306,17,50,1.0,95.0,4.0
Blackrock,36.7,-113.7,0.849678754807,1514,12,120,33.0,51.0,16.0
Nixon,36.35305556,-113.1580556,3.13471245766,2004,8,70,34.0,22.0,44.0
Tweedy,36.58333333,-113.7166667,2.24005484581,1549,0,130,33.0,51.0,16.0
Yellow John,36.15416667,-113.5416667,0.1739628613,1883,7,70,22.0,40.0,38.0
Blackstone,42.44111111,-115.8855556,0.599961042404,1522,0,130,36.0,38.0,26.0
Hammett,42.96722222,-115.4569444,1.22952580452,841,10,140,24.0,66.0,10.0
Kuna,43.44222222,-116.4352778,1.67750120163,940,8,110,71.0,14.0,15.0
Simco,43.08833333,-115.9663889,0.148616865277,915,8,140,52.0,25.0,23.0
Triangle,42.805,-116.6316667,0.635794043541,1583,0,130,18.0,64.0,18.0
Wild West,43.87055556,-116.7775,0.243001163006,782,0,20,68.0,10.0,22.0
Cascade North Zone,44.64194444,-115.6325,2.65930247307,1946,21,150,29.0,65.0,6.0
Emmett North Zone,44.09111111,-115.8805556,4.9487323761,1461,0,140,11.0,83.0,6.0
Idaho City SZ,43.84722222,-115.8855556,1.77404642105,1446,0,110,11.0,83.0,6.0
Lowman North Zone,44.10472222,-115.1530556,6.44314575195,1642,23,50,24.0,68.0,8.0
Mountain Home - Grouse Creek,43.52416667,-115.1955556,3.20056772232,1991,0,50,24.0,68.0,8.0
Mtn Home RD - South,43.44333333,-115.3536111,2.11738944054,1507,9,140,39.0,41.0,20.0
Coffee Point,43.12583333,-112.8675,0.387891769409,1411,0,30,37.0,40.0,23.0
Curlew,42.19611111,-112.5802778,1.6607837677,1537,9,30,56.0,30.0,14.0
Double Springs,44.15805556,-113.8738889,1.751932621,2081,0,130,41.0,44.0,15.0
Dubois,44.0675,-112.2330556,0.144745990634,1490,0,130,20.0,67.0,13.0
Game Creek,43.57777778,-111.06,4.53308200836,2032,0,70,44.0,36.0,20.0
Idaho Falls,43.54,-111.9038889,2.24756765366,1561,0,30,48.0,20.0,32.0
Morgan Creek,44.66833333,-114.2283333,2.48875451088,1775,0,130,39.0,41.0,20.0
Pocatello,42.83333333,-112.405,3.53056550026,1380,0,140,70.0,14.0,16.0
Rock Spring,44.35166667,-113.7936111,1.46121883392,2061,0,130,41.0,44.0,15.0
Sand Creek Desert,44.12055556,-111.8077778,0.707830905914,1664,17,70,55.0,28.0,17.0
Sellers Creek,43.25333333,-111.8077778,1.83931291103,1925,21,50,70.0,14.0,16.0
Soda Hills,42.7425,-111.7922222,0.874793350697,1724,0,30,68.0,14.0,18.0
Spar Canyon,44.28333333,-114.1333333,1.5038267374,2159,0,130,19.0,65.0,16.0
Table Legs Butte,43.41777778,-112.7894444,0.286929130554,1556,0,130,70.0,18.0,12.0
Boise Basin,43.77111111,-116.1030556,8.19776630402,2013,0,30,33.0,55.0,12.0
Centerville,43.89416667,-115.9336111,2.04832482338,1353,0,120,11.0,83.0,6.0
Fall Creek,44.61388889,-116.3213889,4.85542964935,1436,0,150,35.0,37.0,28.0
Krassel,44.97222222,-115.7302778,5.28492164612,1210,27,150,29.0,65.0,6.0
Lick Creek,45.025,-115.9330556,4.10573673248,2165,0,140,57.0,33.0,10.0
McCall,44.91111111,-116.0977778,0.249457642436,1533,21,150,24.0,68.0,8.0
Skihill,44.94361111,-116.1877778,0.731495022774,1575,0,90,24.0,68.0,8.0
South Grays Creek,44.54694444,-116.3338889,3.71387815475,1342,18,70,35.0,37.0,28.0
Steck Park,44.27027778,-117.1347222,4.31072235107,732,0,70,39.0,39.0,22.0
Weiser River,44.8475,-116.4266667,3.90493917465,1149,0,150,35.0,37.0,28.0
West Fork Brownlee,44.68833333,-116.9244444,2.34605431557,1413,24,70,35.0,37.0,28.0
Donnelly Gulch,45.42055556,-114.0180556,3.84549427032,1329,10,70,39.0,39.0,22.0
Humbug,45.53111111,-114.0263889,7.09292125702,1740,0,90,44.0,46.0,10.0
Pine Summit,44.49583333,-114.4344444,3.10986113548,2350,22,150,36.0,39.0,25.0
Vine Creek,45.61722222,-113.9680556,1.89652991295,1673,23,90,23.0,60.0,17.0
18 Mile,44.63305556,-113.2663889,0.472308158875,1903,0,130,38.0,43.0,19.0
McDevitt,44.935,-113.7758333,2.88887405396,2029,21,70,41.0,44.0,15.0
Sunset Heights,45.10916667,-113.8502778,2.64866805077,1320,10,130,34.0,45.0,21.0
Abbot Bridge,43.60555556,-115.2227778,2.63675618172,1547,0,70,24.0,68.0,8.0
Fleck Summit,43.61972222,-114.9002778,3.18637633324,1807,0,70,24.0,68.0,8.0
Oregon Gulch,43.77861111,-114.4180556,0.897373914719,1933,14,150,39.0,41.0,20.0
Salt Creek,43.53527778,-114.8622222,1.05464613438,2367,0,140,24.0,68.0,8.0
Stanley,44.17055556,-114.9272222,2.12460422516,1978,0,150,40.0,44.0,16.0
Bostetter,42.16416667,-114.1927778,0.913547039032,2294,19,140,28.0,66.0,6.0
Cassia Sage,42.19166667,-114.0772222,1.70827162266,2140,0,140,28.0,66.0,6.0
Howell Canyon,42.32027778,-113.6152778,2.65196847916,2405,23,50,71.0,14.0,15.0
Rockcreek,42.17916667,-114.2858333,1.01098740101,2158,0,70,33.0,34.0,33.0
Sage Site,42.19166667,-114.0061111,3.18310928345,1726,0,70,28.0,66.0,6.0
Sawmill,41.94277778,-113.4419444,7.56294107437,2202,0,70,40.0,44.0,16.0
Sublett,42.43722222,-113.0225,2.16428565979,1839,21,100,55.0,29.0,16.0
Balanced Rock,42.48083333,-115.0025,0.317281097174,1310,8,130,27.0,48.0,25.0
Goose Creek,42.215,-113.9644444,2.62901449203,1519,0,130,28.0,66.0,6.0
Jim Sage,42.31222222,-113.4394444,5.20336341858,1618,0,140,42.0,46.0,12.0
Notch Butte,42.87694444,-114.4361111,0.598302781582,1236,8,30,69.0,11.0,20.0
Ohio Gulch,43.58972222,-114.2997222,2.91910552979,1911,0,70,36.0,39.0,25.0
Rye Grass Flat,43.28055556,-114.3088889,1.18914878368,1566,7,130,39.0,41.0,20.0
Shoshone Basin,42.18805556,-114.4922222,1.32700479031,1668,10,30,33.0,34.0,33.0
Three Creek,42.0775,-115.1822222,0.508430600166,1693,8,130,49.0,20.0,31.0
Three Island,42.95611111,-115.2347222,2.06654906273,848,10,30,66.0,8.0,26.0
Cedar Springs,40.91,-109.4413889,2.24895381927,1860,16,70,18.0,62.0,20.0
Dry Fork,40.62444444,-109.8010111,2.74605107307,2589,21,70,23.0,69.0,8.0
East Park,40.78111111,-109.5533333,0.906686782837,2796,20,70,23.0,69.0,8.0
Elk Park,40.85055556,-109.7141667,1.49933111668,2449,0,70,23.0,69.0,8.0
Firefighters Memorial,40.88833333,-109.4519444,4.23841714859,2101,16,70,18.0,62.0,20.0
Horse Ridge,39.93388889,-110.8619806,2.69426345825,2511,17,100,38.0,40.0,22.0
Nutters Ridge,39.97194444,-110.3825,2.60434627533,2261,10,130,38.0,42.0,20.0
Red Canyon,40.87111111,-109.5456611,4.68643569946,2283,11,70,23.0,69.0,8.0
Yellowstone,40.54361111,-110.3304083,4.82486438751,2383,11,70,23.0,69.0,8.0
Ash Creek,37.39555556,-113.2638889,2.05169820786,1536,16,70,45.0,34.0,21.0
gv,38.33944444,-112.8052778,8.171210289,2209,10,70,22.0,68.0,10.0
Horse Valley,38.13083333,-112.2691667,0.811580598354,1887,0,130,50.0,26.0,24.0
Jensen Springs,38.02361111,-113.5416667,1.35660398006,1717,0,130,32.0,41.0,27.0
South Canyon,38.30694444,-112.6916667,0.646815061569,1840,0,130,36.0,38.0,26.0
Asay,37.545,-112.5752778,1.02070879936,2430,13,70,34.0,35.0,31.0
Buck Flat Low Elev.,37.86138889,-111.6591667,3.5449924469,2063,15,130,41.0,35.0,24.0
Buck Flat,37.90333333,-111.6922222,6.60153579712,2463,16,30,41.0,35.0,24.0
Clayton SNOTEL,37.96666667,-111.8333333,0.953046739101,3053,23,70,38.0,39.0,23.0
Cottonwood,37.99055556,-112.6308333,0.945693194866,2338,16,30,36.0,39.0,25.0
Daves Hollow,37.6725,-112.2072222,0.453669101,2346,0,140,22.0,66.0,12.0
Enterprise,37.54722222,-113.7175,1.20820343494,1649,0,140,28.0,44.0,28.0
Hoodle Creek,38.05194444,-112.1736111,2.58969449997,3046,23,70,54.0,23.0,23.0
Midway Valley,37.57361111,-112.7986111,1.94299829006,2973,0,70,34.0,35.0,31.0
New Harmony,37.45277778,-113.2972222,4.63206148148,1615,0,70,45.0,34.0,21.0
Oak Grove Road,37.28583333,-113.3997222,2.73039150238,1499,10,100,45.0,34.0,21.0
Pine Valley Pinyon,37.38527778,-113.4827778,2.99730062485,2098,27,30,45.0,34.0,21.0
Pine Valley,37.37861111,-113.4808333,4.57792711258,2065,27,70,45.0,34.0,21.0
Black Cedar,38.97916667,-112.2394444,7.46016073227,2015,0,140,41.0,45.0,14.0
Horse Hollow,38.66388889,-112.6833333,0.924141049385,1857,8,130,38.0,40.0,22.0
Mud Springs,39.79861111,-112.2722222,1.10371112823,1766,8,30,37.0,51.0,12.0
Sevier Reservoir,39.58333333,-112.0,1.33425366879,1678,6,110,37.0,42.0,21.0
Shingle Creek,38.57972222,-112.4641667,2.67384600639,2044,0,70,38.0,40.0,22.0
Tule Valley,39.35,-113.3666667,4.47573709488,1739,0,130,32.0,51.0,17.0
Larb Hollow,38.01583333,-111.3202778,7.10952758789,2659,0,50,38.0,40.0,22.0
Signal Peak,38.63194444,-112.0611111,8.01237201691,2455,17,70,35.0,37.0,28.0
Joes valley,39.32666667,-111.3327778,6.93599939346,2738,0,70,37.0,41.0,22.0
Middle Mountain,39.34555556,-111.2725,7.67563056946,2269,11,30,37.0,41.0,22.0
Spring City,39.45638889,-111.4263889,5.5359954834,2101,20,70,37.0,41.0,22.0
Wales City,39.48611111,-111.6988889,1.10221898556,2365,9,140,38.0,41.0,21.0
West Scofield,39.77777778,-111.2122222,1.92964720726,2405,0,70,38.0,37.0,25.0
Carpenter Ridge,38.45944444,-109.0469444,3.58751273155,2479,22,70,31.0,30.0,39.0
Geyser Pass,38.48361111,-109.3161111,3.77117180824,2458,18,70,14.0,72.0,14.0
Kigalia,37.6625,-109.8305556,1.50263798237,2590,0,70,14.0,72.0,14.0
North Creek,37.87277778,-109.4461111,5.80962610245,2628,19,70,37.0,42.0,21.0
North Long Point,37.85472222,-109.8388889,4.71223449707,2653,19,70,14.0,72.0,14.0
Big Indian,38.22138889,-109.2736111,0.099109865725,2112,9,140,17.0,71.0,12.0
Bruin,39.60583333,-110.29,2.29837036133,2943,17,70,35.0,51.0,14.0
Bryson,39.28944444,-109.2355556,5.10687112808,1754,0,130,34.0,54.0,12.0
Consumers,39.6575,-110.9055556,1.61991465092,1846,0,110,17.0,70.0,13.0
Flat Top,39.33611111,-110.6014167,5.23955154419,1845,0,130,12.0,82.0,6.0
Kane Gulch,37.5225,-109.8894444,0.462653130293,2005,13,130,14.0,72.0,14.0
Price Rec,39.75916667,-110.9144444,6.13585424423,2270,0,70,38.0,40.0,22.0
Henry Mountains,38.04555556,-110.825,4.65680122375,2801,10,20,44.0,14.0,42.0
Lost Creek,38.77083333,-111.8625,4.16502857208,2262,0,70,38.0,42.0,20.0
English Village,40.2425,-112.7694444,1.633425951,1569,0,130,22.0,68.0,10.0
Muskrat,40.62805556,-112.6719444,5.19979000092,1468,0,130,37.0,51.0,12.0
Randolph,41.75333333,-111.2805556,1.45405769348,2176,11,120,41.0,44.0,15.0
Rosebud,41.53555556,-113.69,1.60761320591,1720,6,140,40.0,44.0,16.0
Vernon,40.06055556,-112.3252778,1.18266499043,1723,9,130,41.0,45.0,14.0
East Creek,37.595,-112.2088889,1.37506830692,2458,0,70,22.0,66.0,12.0
Farview,37.54388889,-112.2588889,4.62428998947,2657,16,70,32.0,33.0,35.0
Bluebench,40.27,-110.3880556,0.706867873669,1857,8,130,38.0,40.0,22.0
Gulf Pond,40.44,-110.2275,1.29447376728,2109,10,100,34.0,35.0,31.0
Towanta Flat,40.44694444,-110.4991667,2.10207676888,2311,11,110,38.0,40.0,22.0
Hobble Creek,40.155,-111.5405556,12.0620117188,1560,0,14,42.0,45.0,13.0
Maple Canyon,40.135,-111.5327778,6.39689540863,1986,0,14,42.0,45.0,13.0
Norway Flats,40.60166667,-111.0519444,7.10763788223,2729,21,50,34.0,33.0,33.0
Squaw Peak,40.30111111,-111.625,10.1478700638,2034,23,140,38.0,42.0,20.0
Diamond,40.4,-109.15,3.64553642273,1785,0,30,37.0,36.0,27.0
McCook,39.38333333,-109.15,5.24498176575,2084,13,110,34.0,54.0,12.0
Bear River,40.88472222,-110.8291667,1.65565335751,2593,20,70,37.0,42.0,21.0
Beus,41.17666667,-111.9297222,10.6616630554,1612,0,14,20.0,68.0,12.0
Green Canyon,41.77083333,-111.7811111,6.46005773544,1538,19,20,59.0,15.0,26.0
Little Cottonwood,40.57277778,-111.7744444,11.0538139343,2172,20,70,21.0,69.0,10.0
Monte Cristo,41.46388889,-111.4986111,3.81262326241,2658,19,30,47.0,31.0,22.0
North Fork,41.37027778,-111.9052778,2.0032184124,1719,13,140,56.0,20.0,24.0
Snowbasin,41.22444444,-111.8636111,4.44400787354,1910,19,50,20.0,68.0,12.0
Burro Hill,43.84416667,-110.3555556,3.4597890377,2144,22,50,22.0,66.0,12.0
Cache Creek,43.46472222,-110.7327778,4.8799905777,2129,19,70,38.0,42.0,20.0
Flaggstaff Road,43.80722222,-110.1855556,1.72740268707,2632,18,70,39.0,43.0,18.0
Half Moon,42.91305556,-109.7455556,5.1858496666,2575,0,70,19.0,66.0,15.0
Hams #1,42.220475,-110.727854,1.50008761883,2411,18,50,38.0,42.0,20.0
Hams #2,42.255825,-110.742924,3.79238271713,2621,21,50,38.0,42.0,20.0
Hoback,43.22027778,-110.4230556,3.82122969627,1997,0,20,38.0,42.0,20.0
North Cottonwood,42.8,-110.4975,0.523125290871,2458,0,70,37.0,37.0,26.0
Phillips Canyon,43.50416667,-110.9277778,6.58627843857,2372,22,70,23.0,69.0,8.0
Snyder Basin,42.49055556,-110.5266667,3.53176522255,2443,25,70,38.0,42.0,20.0
The Rim,43.12972222,-110.2041667,2.01804804802,2430,0,70,38.0,38.0,24.0
White Pine,42.96944444,-109.7663889,7.31072044373,2578,18,70,20.0,68.0,12.0
Flagg Ranch,44.11,-110.6847222,0.914695739746,2086,17,100,22.0,66.0,12.0
"Lost Creek, WY",43.74861111,-110.6233333,1.31564700603,2100,18,70,38.0,42.0,20.0
Moran,43.83861111,-110.5016667,2.43885779381,2056,0,70,19.0,66.0,15.0
RKO Road,43.82083333,-110.5902778,1.08263385296,2089,17,30,19.0,66.0,15.0
Signal Mountain,43.85138889,-110.5641667,2.78880834579,2173,18,70,19.0,66.0,15.0
Timbered Island,43.70722222,-110.7188889,0.618137300014,2060,17,30,38.0,42.0,20.0
Whitegrass Ranch,43.63972222,-110.7661111,1.98543906212,2019,15,70,23.0,69.0,8.0
Fortynine C2A,41.60027778,-119.9744444,1.17029285431,1737,0,130,51.0,17.0,32.0
Juniper Creek C2B,41.34472222,-120.5041667,1.49375891685,1380,0,130,31.0,29.0,40.0
Ravendale C2D,40.73138889,-120.3161111,1.02004134655,1653,0,140,31.0,28.0,41.0
Marshall Grade,38.81611111,-120.8958333,5.93480730057,407,21,70,39.0,41.0,20.0
Tonzi Road,38.41138889,-120.8863889,0.740748882294,211,18,140,55.0,27.0,18.0
Bloomer Hill - SW Old,39.65416667,-121.4627778,7.77178621292,868,38,50,22.0,68.0,10.0
Fernwood,40.86916667,-123.85,4.15271854401,823,31,50,38.0,37.0,25.0
Miranda,40.21638889,-123.7808333,8.36110591888,259,31,70,-999.0,-999.0,-999.0
Geysers (Sonoma County),38.77583333,-122.8208333,4.55380868912,760,27,50,35.0,36.0,29.0
Geysers Peak,38.77583333,-122.8208333,4.55380868912,760,27,50,35.0,36.0,29.0
Konocti,38.92027778,-122.7213889,2.43398737907,593,19,70,33.0,33.0,34.0
Las Posadas State Forest,38.56444444,-122.4036111,3.9370303154,337,29,70,51.0,28.0,21.0
Las Posadas,38.56444444,-122.4036111,3.9370303154,337,29,70,51.0,28.0,21.0
Walker Ridge,39.03555556,-122.4547222,3.71404528618,629,19,70,28.0,24.0,48.0
Big Valley,41.06555556,-121.2194444,1.78575456142,1514,20,70,31.0,41.0,28.0
Chester,40.31611111,-121.0938889,0.535460352898,1537,18,70,20.0,68.0,12.0
Eagle Lake,40.46583333,-120.7580556,7.20147657394,1785,18,50,39.0,42.0,19.0
Grasshopper,40.76638889,-120.7302778,1.9262213707,1685,0,140,38.0,42.0,20.0
Happy Camp,41.44666667,-121.1702778,0.704575359821,1428,16,70,40.0,38.0,22.0
Janesville,40.32916667,-120.5355556,1.13053369522,1304,0,120,19.0,66.0,15.0
Cow Mountain 2,39.12722222,-123.12,5.8566660881,556,26,70,38.0,42.0,20.0
Cow Mountain,39.12833333,-123.1047222,5.75861263275,766,26,70,38.0,42.0,20.0
Hog Hole,39.70916667,-123.2994444,5.41850042343,492,0,70,37.0,41.0,22.0
Nevada City,39.24861111,-121.0286111,1.186019063,811,20,70,53.0,26.0,21.0
Reader Ranch,39.30277778,-121.1097222,4.24357414246,552,24,100,25.0,59.0,16.0
TahoeDonner,39.33972222,-120.2733333,5.54895067215,2226,30,70,29.0,65.0,6.0
Tyler Foote,39.33055556,-121.1122222,0.411127239466,594,24,70,25.0,59.0,16.0
USBOR,38.92333333,-121.0252778,1.02700042725,403,20,70,20.0,68.0,12.0
Corralitos New Growth,37.00416667,-121.8155556,2.6930129528,193,34,50,37.0,39.0,24.0
Corralitos Old Growth,37.00416667,-121.8155556,2.6930129528,193,34,50,37.0,39.0,24.0
Corralitos,37.00416667,-121.8155556,2.6930129528,193,34,50,37.0,39.0,24.0
Pulgas,37.48861111,-122.3188889,2.08871459961,102,35,70,35.0,35.0,30.0
Saratoga Summit,37.245,-122.1102778,3.80674862862,833,33,70,19.0,67.0,14.0
ST RTE 35 & 92,37.487155,-122.364006,3.67819857597,311,34,70,35.0,35.0,30.0
Blackberry Hill,37.21083333,-121.9538889,7.52915239334,334,23,70,37.0,39.0,24.0
Clayton Ranch,37.91361111,-121.8516667,2.63904190063,421,20,14,29.0,23.0,48.0
Mount Hamilton,37.34388889,-121.6080556,5.70319747925,961,25,70,41.0,45.0,14.0
Mt. Umunhum,37.14,-121.8875,0.579063534737,754,33,50,37.0,39.0,24.0
Quail Hollow Ranch,37.08611111,-122.0669444,1.59855544567,167,25,50,19.0,67.0,14.0
Greenhorn Yreka,41.71166667,-122.6588889,1.33722710609,866,22,70,41.0,45.0,14.0
McCloud,41.26194444,-122.0405556,0.617172241211,1056,20,70,23.0,69.0,8.0
Weed Mill Site,41.43527778,-122.3572222,2.30084657669,1152,25,70,0.0,0.0,0.0
Stony Gorge,39.59972222,-122.5291667,1.38753414154,258,13,70,31.0,51.0,18.0
Bald Mountain Lookout,38.90555556,-120.7083333,5.25695228577,1209,36,100,39.0,41.0,20.0
Big Hill,38.82888889,-120.4030556,1.35944497585,1743,0,70,29.0,65.0,6.0
Darling Ridge,38.89083333,-120.7647222,1.45228147507,925,31,70,39.0,41.0,20.0
Hazel,38.75083333,-120.4997222,4.84000015259,1245,31,70,29.0,65.0,6.0
Henrys,38.60555556,-120.5841667,3.73377799988,1042,33,50,38.0,42.0,20.0
Peavine,38.79944444,-120.4661111,3.27963042259,1504,31,50,29.0,65.0,6.0
Pebble,38.68805556,-120.4144444,3.78226995468,1585,31,50,23.0,67.0,10.0
Peddler,38.56833333,-120.2669444,5.05026531219,2093,27,70,23.0,67.0,10.0
Silver Fork,38.71583333,-120.22,3.74338245392,1752,28,70,27.0,49.0,24.0
Sugarloaf,38.7875,-120.3127778,4.34347963333,1823,34,140,29.0,65.0,6.0
Blue Ridge,41.26944444,-123.1875,3.38043856621,1734,33,50,19.0,67.0,14.0
Juanita,41.80166667,-122.1097222,3.60311245918,1610,23,100,38.0,42.0,20.0
Oak Knoll,41.83861111,-122.8502778,6.06012248993,588,25,70,43.0,45.0,12.0
Quartz Hill,41.59944444,-122.9438889,4.23572349548,977,17,70,43.0,45.0,12.0
Shinar Saddle,41.84833333,-123.3361111,8.66524505615,1021,33,50,43.0,45.0,12.0
Six Shooter,41.71944444,-121.7119444,0.264696836472,1432,18,130,22.0,66.0,12.0
SO,38.93222222,-119.9719444,0.489775508642,1918,24,70,11.0,86.0,3.0
17Rd,40.36222222,-121.6366667,4.50101947784,1841,31,50,23.0,67.0,10.0
Basin,40.37777778,-121.3269444,2.33070611954,1739,22,70,23.0,69.0,8.0
Hogsback,40.26888889,-121.8680556,1.65531075001,805,21,70,39.0,43.0,18.0
Whaleback Mtn,40.61722222,-120.8722222,4.10540723801,1911,28,70,22.0,61.0,17.0
Lava Beds Average,41.7075,-121.4847222,2.52440810204,1375,0,130,35.0,38.0,27.0
Throckmorton,37.91333333,-122.58,9.31175899506,276,32,50,37.0,41.0,22.0
Alder 1000 hr,39.64888889,-122.7305556,1.78718292713,1302,25,50,31.0,51.0,18.0
Alder New,39.64888889,-122.7305556,1.78718292713,1302,25,50,31.0,51.0,18.0
Alder,39.64888889,-122.7305556,1.78718292713,1302,25,50,31.0,51.0,18.0
Deer Valley - DF,39.26444444,-122.8694444,4.1760392189,959,30,70,39.0,43.0,18.0
Deer Valley-New,39.26444444,-122.8694444,4.1760392189,959,30,70,39.0,43.0,18.0
Deer Valley 1000hr,39.26444444,-122.8694444,4.1760392189,959,30,70,39.0,43.0,18.0
Elk Mountain - New Growth,39.26472222,-122.9308333,11.7797250748,847,21,70,39.0,43.0,18.0
Elk Mountain - Old Growth,39.26472222,-122.9308333,11.7797250748,847,21,70,39.0,43.0,18.0
FH-7 - New Growth,39.66444444,-122.6380556,8.39319610596,545,22,70,31.0,51.0,18.0
FH-7 - Old Growth,39.66444444,-122.6380556,8.39319610596,545,22,70,31.0,51.0,18.0
Stonyford,39.35694444,-122.6377778,1.29453957081,647,20,70,31.0,51.0,18.0
Trough - New Growth,39.35611111,-122.6416667,1.29453957081,722,20,70,31.0,51.0,18.0
Trough - Old Growth,39.35611111,-122.6416667,1.29453957081,722,20,70,31.0,51.0,18.0
Blue Mountain,41.83861111,-120.8530556,1.63609743118,1648,22,70,34.0,37.0,29.0
Cary Reservoir,41.1075,-121.0019444,5.26024580002,1404,11,70,31.0,41.0,28.0
Cold Springs,41.83388889,-120.3477778,2.98527216911,1657,21,70,34.0,37.0,29.0
Deer Hill,41.56194444,-121.1413889,0.135842338204,1434,21,70,40.0,38.0,22.0
Island Meadow,41.90555556,-120.6494444,0.849144160748,1643,20,70,34.0,37.0,29.0
Pit River,41.235,-120.4033333,2.60890817642,1488,0,130,36.0,37.0,27.0
Sugar Hill,41.83527778,-120.3486111,4.7696428299,1657,21,70,34.0,37.0,29.0
Denten Creek,39.77944444,-120.5947222,5.10807037354,1542,20,70,22.0,66.0,12.0
Pike County,39.50361111,-121.2122222,4.12216472626,988,32,50,37.0,39.0,24.0
Quincy RD,39.97333333,-120.9419444,1.37918817997,1101,21,70,19.0,66.0,15.0
Ewing Reservoir,40.565,-123.1694444,2.01653051376,775,27,70,43.0,45.0,12.0
Friend Mountain,40.50527778,-123.3433333,1.34313285351,1323,30,70,43.0,45.0,12.0
Hayfork Compound,40.54916667,-123.1658333,1.44460475445,745,31,70,43.0,45.0,12.0
HWY 3 & Rush CK,40.795407,-122.889471,1.7210713625,790,35,70,22.0,68.0,10.0
Lakeshore,40.87083333,-122.3897222,4.32359218597,338,30,70,37.0,37.0,26.0
McCloud (SHF),41.29361111,-122.0544444,1.68593215942,1127,31,70,23.0,69.0,8.0
Mount Shasta,41.35055556,-122.2947222,4.76984930038,1429,23,50,0.0,0.0,0.0
Mule Ck GS,40.86222222,-122.8158333,1.96315717697,762,41,70,22.0,68.0,10.0
Old Man CG,40.85333333,-122.4077778,5.32001018524,441,28,70,37.0,37.0,26.0
Sugarloaf (SHF),40.91583333,-122.4347222,8.49415111542,935,28,50,37.0,37.0,26.0
West of Old Man CG,40.86277778,-122.4369444,2.36765122414,513,28,50,37.0,37.0,26.0
Yolla Bolla,40.3375,-123.0655556,4.2666683197,1340,26,70,43.0,45.0,12.0
Ammon,40.83527778,-123.5997222,6.76893663406,660,29,50,38.0,40.0,22.0
Gasquet,41.84972222,-124.0075,4.08002614975,342,33,100,-999.0,-999.0,-999.0
Mad Ridge Fuel Break,40.42916667,-123.5005556,2.3428645134,1018,32,70,38.0,40.0,22.0
Mad River,40.46527778,-123.5313889,1.44648861885,860,25,100,38.0,40.0,22.0
Red Cap Manzanita,41.21805556,-123.5308333,5.825735569,790,32,70,38.0,40.0,22.0
Ziegler,40.89305556,-123.5180556,9.36796951294,699,33,70,38.0,40.0,22.0
25 Road Chinquapin,39.53916667,-121.0019444,2.33946466446,1216,37,50,37.0,39.0,24.0
25 Road manzanita,39.53916667,-121.0019444,2.33946466446,1216,37,50,37.0,39.0,24.0
Big Trees,39.0525,-120.5552778,8.34074878693,1519,29,50,51.0,27.0,22.0
Bowman Lake Road chinquapin,39.38111111,-120.6752778,5.04619121552,1703,27,70,29.0,65.0,6.0
Brandy City Tanoak,39.53972222,-121.0238889,2.74407148361,1142,37,100,37.0,39.0,24.0
Haskell Peak Road Manzanita,39.64972222,-120.6180556,3.63755726814,2047,23,70,34.0,52.0,14.0
Mosquito Ridge Gorman Ranch,39.01166667,-120.7577778,10.3812332153,590,22,100,39.0,41.0,20.0
Old Camptonville manzanita,39.44888889,-121.0602778,2.10688400269,826,27,50,25.0,59.0,16.0
Old Camptonville tanoak,39.44888889,-121.0602778,2.10688400269,826,27,50,25.0,59.0,16.0
Onion Valley,39.26138889,-120.6516667,2.38038182259,1507,27,70,29.0,65.0,6.0
Sagehen,39.44638889,-120.2188889,3.35930633545,1981,21,70,19.0,66.0,15.0
Sailor Flat,39.18027778,-120.5030556,5.93184041977,1894,25,70,51.0,27.0,22.0
Stampede,39.4725,-120.0980556,1.79891586304,1838,24,70,19.0,66.0,15.0
Succor Flat,39.12388889,-120.8038889,2.20954203606,1163,34,50,39.0,41.0,20.0
Plot1-N,46.51277778,-114.6855556,0.235405579209,1109,31,100,59.0,34.0,7.0
Plot2-N,46.52944444,-114.6441667,5.42619848251,1490,26,100,59.0,34.0,7.0
Plot3-N,46.52194444,-114.6322222,9.10023212433,1559,26,100,59.0,34.0,7.0
Plot4-N,46.52055556,-114.6044444,4.742228508,1803,26,100,59.0,34.0,7.0
Plot5-N,46.53361111,-114.5908333,2.91201210022,1891,28,100,59.0,34.0,7.0
Big Creek North,47.43777778,-116.0669444,4.45959472656,1137,27,90,66.0,28.0,6.0
Big Creek South,47.43777778,-116.0669444,4.45959472656,1137,27,90,66.0,28.0,6.0
Bismark,48.58027778,-117.0077778,0.349550575018,914,28,100,66.0,28.0,6.0
Brushy Mission Unit 19,48.90388889,-116.3038889,8.88947200775,1131,25,90,55.0,30.0,15.0
Cooks Pass Site,48.695,-116.5633333,6.81337976456,1456,25,90,45.0,48.0,7.0
MacPherson,47.88916667,-116.1444444,4.37396001816,1003,26,90,66.0,28.0,6.0
Meyers Saddle,47.67694444,-116.615,3.3977227211,855,25,100,66.0,28.0,6.0
Pass Creek Pass,48.79777778,-117.1258333,2.3130402565,1766,26,90,0.0,0.0,0.0
Roland Summit,47.39083333,-115.6522222,3.76332712173,1569,27,90,66.0,28.0,6.0
Smith Creek Fire Lower,48.82694444,-116.7025,3.12248396873,1375,21,70,29.0,65.0,6.0
Smith Creek Fire Upper,48.82638889,-116.7102778,7.24552297592,1654,21,100,29.0,65.0,6.0
Storm Mountain,47.30333333,-115.8333333,6.17050075531,1498,22,100,66.0,28.0,6.0
Trestle Ridge,48.34583333,-116.2305556,3.64516448975,1603,23,100,45.0,47.0,8.0
Twenty Mile,48.58222222,-116.2838889,7.8000202179,1282,28,90,29.0,65.0,6.0
Cabin Creek,46.21777778,-115.8322222,1.44670426846,983,36,50,52.0,26.0,22.0
Kidder Ridge,46.14333333,-115.9638889,2.59551501274,454,16,70,52.0,26.0,22.0
Lohrey Saddle,46.17194444,-115.8008333,3.09054160118,943,29,100,52.0,26.0,22.0
Mill Creek,45.47944444,-112.0833333,8.07512378693,2013,16,70,62.0,7.0,31.0
Steel Creek,45.60277778,-113.3461111,2.25197529793,1943,21,120,39.0,43.0,18.0
Barn Draw,45.81166667,-114.2769444,8.00271129608,1494,24,90,43.0,46.0,11.0
Blue Joint,45.70388889,-114.3369444,1.04513216019,1533,24,90,43.0,46.0,11.0
Lloyd Creek,45.87,-114.2286111,10.0707111359,1567,28,150,23.0,69.0,8.0
Lost Trail,45.69277778,-113.9697222,3.98922514915,2397,24,110,23.0,60.0,17.0
Nez Pass,45.71694444,-114.5036111,2.187063694,2032,30,90,66.0,28.0,6.0
Smith Cr,46.43944444,-114.2269444,10.2942123413,1908,14,150,41.0,44.0,15.0
Tepee,45.92888889,-113.7422222,3.9542183876,1896,25,110,23.0,69.0,8.0
BLISS,45.06611111,-106.0213889,1.17845904827,1288,15,70,41.0,33.0,26.0
CANYON CREEK,45.24333333,-106.6963889,0.589941799641,1014,16,70,36.0,38.0,26.0
Cedar Creek,46.77861111,-104.5833333,0.819376707077,799,12,70,28.0,23.0,49.0
Crystal Lake Road,46.85055556,-109.5088889,2.61007976532,1603,20,100,36.0,37.0,27.0
Ekalaka Hills #1,45.876485,-104.490621,1.67249000072,1128,20,100,20.0,68.0,12.0
Knowlton,46.30055556,-104.9766667,0.905809938908,983,0,70,48.0,29.0,23.0
Lewistown Divide,47.06166667,-109.1947222,0.498962730169,1287,11,100,31.0,31.0,38.0
Little Rockies,47.93027778,-108.5016667,2.7345969677,1284,14,100,28.0,23.0,49.0
Long Pines #1,45.623859,-104.19314,0.879517257214,1129,13,50,38.0,40.0,22.0
Miller Creek,46.10138889,-106.0919444,0.74028891325,949,0,130,36.0,38.0,26.0
Missouri River Breaks,47.65027778,-108.6738889,1.22825598717,864,16,130,33.0,18.0,49.0
Mosby,46.98361111,-107.8452778,0.301781386137,800,5,100,33.0,18.0,49.0
Red Hill Road,46.82222222,-109.2613889,1.59637188911,1685,23,100,35.0,35.0,30.0
Slim Buttes,45.37138889,-103.1469444,0.752042889595,1077,0,70,23.0,62.0,15.0
South Sawmill,47.5625,-107.5286111,1.31497836113,977,0,140,33.0,18.0,49.0
Steamboat,46.26083333,-108.0997222,1.00185167789,1158,0,120,43.0,33.0,24.0
Odell Creek,45.32388889,-106.2683333,0.27168315649,1227,16,140,43.0,33.0,24.0
Blacktail West,47.98888889,-114.3230556,4.92313957214,1296,24,150,36.0,53.0,11.0
Condon Work Center,47.53444444,-113.7183333,0.511935949326,1126,0,150,44.0,37.0,19.0
Desert Mountain,48.38833333,-113.9641667,3.82353329659,1351,28,90,44.0,37.0,19.0
Elbow South,47.39694444,-113.7433333,4.73017120361,1579,25,90,49.0,40.0,11.0
Emery Creek,48.34083333,-113.9394444,4.50580215454,1168,26,90,44.0,37.0,19.0
Six Mile North,47.94666667,-113.87,8.92670059204,1066,0,150,51.0,39.0,10.0
Tally Lake North,48.41361111,-114.6763889,2.89731383324,1386,24,90,49.0,40.0,11.0
Tally Lake South,48.40583333,-114.7019444,2.24207758904,1510,24,100,49.0,40.0,11.0
Hebgen Lake,44.66861111,-111.0991667,0.161786988378,2037,17,70,23.0,59.0,18.0
Iron Mountain,45.5825,-109.9533333,1.3850581646,2104,21,70,32.0,53.0,15.0
Main Boulder,45.52416667,-110.2277778,10.3199605942,1799,24,70,42.0,27.0,31.0
Main Canyon,45.08083333,-109.395,12.210474968,2534,19,70,28.0,61.0,11.0
Portal Lower,45.30583333,-111.1652778,8.1339597702,2263,22,100,23.0,59.0,18.0
Red Lodge Creek,45.2425,-109.4747222,2.26935720444,1759,24,70,28.0,61.0,11.0
Rock Creek,45.22277778,-110.9955556,2.8663380146,2143,21,100,39.0,43.0,18.0
Shenango,45.30527778,-110.9397222,6.06106376648,1849,23,70,40.0,43.0,17.0
Shields,46.18805556,-110.4047222,4.71438360214,1976,20,70,16.0,67.0,17.0
Woodbine,45.35222222,-109.9058333,5.27835321426,1612,22,100,39.0,43.0,18.0
West Glacier,48.50222222,-113.9863889,5.42329740524,978,28,150,36.0,42.0,22.0
Cabin Gulch,46.39194444,-111.1819444,4.18695306778,2152,22,100,41.0,44.0,15.0
Cement Divide,46.64444444,-111.3919444,3.66151881218,1892,25,100,41.0,44.0,15.0
Deep Creek,46.34472222,-111.1522222,2.03655791283,1616,20,70,41.0,44.0,15.0
Grassy Mountain,46.32694444,-111.0919444,6.73452997208,2039,12,100,41.0,44.0,15.0
Hall Creek,46.31694444,-111.7711111,2.44749379158,1784,23,70,23.0,60.0,17.0
Indian Creek,46.31638889,-111.6997222,3.18560409546,1831,16,70,39.0,43.0,18.0
Jimtown,46.69055556,-111.7391667,0.44730463624,1349,21,50,40.0,44.0,16.0
McCellan Creek,46.48305556,-111.8636111,1.58667802811,1541,19,100,23.0,60.0,17.0
Montana Gulch,46.60083333,-111.4191667,1.98782169819,1634,22,70,41.0,44.0,15.0
Park Lake,46.4575,-112.1663889,1.79579246044,1894,0,90,29.0,62.0,9.0
Park Mine,46.36888889,-111.7125,2.27888703346,2305,17,70,39.0,43.0,18.0
Preist,46.61138889,-112.2672222,5.69427442551,1819,0,150,37.0,40.0,23.0
Slim Sam,46.24138889,-111.7163889,4.73694610596,1606,11,100,40.0,44.0,16.0
Libby Cache,48.38333333,-115.5669444,3.21766710281,642,20,150,56.0,33.0,11.0
Swede Mtn,48.36777778,-115.4625,1.28395497799,1152,24,90,39.0,43.0,18.0
Benchmark,47.47833333,-112.8636111,0.986868619919,1692,25,150,40.0,44.0,16.0
ELko,47.9225,-112.7575,4.37028741837,1892,23,100,39.0,43.0,18.0
Newlan,46.73583333,-110.8491667,1.63483154774,1773,20,70,45.0,26.0,29.0
"North 6,000",46.90777778,-110.6888889,3.45946240425,1899,24,70,39.0,43.0,18.0
"North 6,500",46.91388889,-110.6291667,5.24015712738,2167,21,70,39.0,43.0,18.0
"North 7,000",46.90138889,-110.6291667,6.14862155914,2095,21,70,39.0,43.0,18.0
"South 6,000",46.855,-110.9822222,4.24498176575,1807,23,100,39.0,43.0,18.0
"South 6,500",46.87416667,-110.9944444,2.56491112709,1995,23,100,39.0,43.0,18.0
"South 7,000",46.90138889,-110.9675,3.03392744064,2172,20,70,39.0,43.0,18.0
South Fork Judith,46.72916667,-110.4094444,3.30864882469,1986,19,70,35.0,35.0,30.0
Butte Lookout,46.715,-114.3633333,2.45108985901,1572,28,70,37.0,56.0,7.0
Cooper Creek 2,46.72777778,-114.3561111,4.1079750061,1574,28,90,37.0,56.0,7.0
Cooper Creek,46.72,-114.3583333,2.45108985901,1664,28,70,37.0,56.0,7.0
East Fork Timber Creek,47.415,-115.4063889,0.821279585361,1109,27,90,50.0,42.0,8.0
Gold Creek Fire,47.07305556,-113.7638889,0.980782330036,1806,22,90,49.0,40.0,11.0
Hayes Creek,46.81583333,-114.1147222,3.67564153671,1164,24,90,42.0,46.0,12.0
Ninemile C1,47.09583333,-114.4147222,3.53933882713,1128,0,150,51.0,39.0,10.0
Ninemile C2,47.09444444,-114.4111111,3.0215215683,1128,0,150,51.0,39.0,10.0
Ninemile C3,47.09361111,-114.4038889,3.02813267708,1137,0,150,51.0,39.0,10.0
Pardee,47.26833333,-114.9169444,6.66378831863,1232,23,90,50.0,42.0,8.0
Grebe,44.71166667,-110.5575,0.365510076284,2486,0,70,57.0,33.0,10.0
Pebble Creek,44.92416667,-110.1108333,6.51099300385,2233,20,70,39.0,43.0,18.0
Sylvan,44.47944444,-110.1558333,7.29543685913,2633,19,70,28.0,61.0,11.0
Wraith Falls,44.93833333,-110.6202778,0.867004811764,2096,16,70,23.0,59.0,18.0
Galls Creek,42.35388889,-123.0727778,2.14178013802,743,20,70,37.0,40.0,23.0
Shale City,42.27805556,-122.5833333,1.07822144032,1391,23,50,33.0,34.0,33.0
Colgate,44.31694444,-121.6063889,0.54277908802,999,19,70,23.0,67.0,10.0
Haystack Res,44.44722222,-121.1286111,1.14383304119,958,16,70,23.0,69.0,8.0
Redmond,44.26,-121.1302778,0.203588798642,923,0,130,23.0,69.0,8.0
Tumalo Ridge,44.04638889,-121.4041667,1.44220721722,1217,24,70,23.0,67.0,10.0
"2415, Hwy. 31 Jct.",43.46444444,-121.3869444,0.210984393954,1430,17,70,19.0,79.0,2.0
Black Rock,43.5475,-121.7872222,3.04304027557,1624,19,70,19.0,79.0,2.0
Chiloquin,42.57694444,-121.8938889,0.964531064034,1340,23,70,22.0,70.0,8.0
Fort Rock,43.37027778,-120.8822222,0.225803256035,1323,0,130,27.0,64.0,9.0
Hogback Creek,44.49388889,-117.3236111,4.78384590149,996,0,130,31.0,27.0,42.0
Keating Cutoff,44.8125,-117.6647222,1.97765755653,1092,7,130,42.0,23.0,35.0
Oxman,44.65333333,-117.5483333,2.16613078117,1059,9,130,44.0,27.0,29.0
Shirttail,44.53,-117.4186111,3.05164384842,902,11,30,44.0,27.0,29.0
Blue Canyon,44.70194444,-117.9763889,2.23925805092,1491,23,70,43.0,30.0,27.0
Memaloose,45.43305556,-116.6930556,4.9857544899,2038,25,70,46.0,33.0,21.0
Roberts Butte,45.68166667,-117.2063889,3.29592180252,1229,24,100,43.0,30.0,27.0
Sparta,44.91555556,-117.3833333,1.95403969288,1303,21,70,42.0,23.0,35.0
Basque Hills,42.24694444,-118.9458333,2.89457821846,1438,0,130,34.0,34.0,32.0
Palomino Butte,43.425,-119.3311111,0.0710868164897,1323,0,130,69.0,7.0,24.0
Blizzard Gap Bottom,42.10777778,-119.7472222,6.88671016693,1504,0,130,25.0,49.0,26.0
Blizzard Gap Middle,42.10138889,-119.7172222,3.11987471581,1785,0,130,25.0,49.0,26.0
Blizzard Gap Top,42.09666667,-119.6661111,2.64350056648,1856,0,130,25.0,49.0,26.0
Coleman,42.08472222,-119.8366667,1.32751786709,1400,0,130,68.0,11.0,21.0
Burns Junction,42.78333333,-117.7730556,0.254972964525,1138,0,130,34.0,36.0,30.0
Jackson,42.21416667,-117.7680556,0.664521098137,1465,0,130,34.0,31.0,35.0
Keeney,43.91333333,-117.1783333,1.08200454712,882,0,30,31.0,27.0,42.0
Pole Creek,43.80111111,-117.9438889,0.957799255848,948,0,110,37.0,41.0,22.0
Rome Overlook,42.84861111,-117.6069444,2.24683642387,1157,10,130,34.0,36.0,30.0
Tankey,42.87777778,-117.4322222,2.14946651459,1271,0,130,34.0,36.0,30.0
Deer Park,47.97083333,-123.2908333,7.7585477829,1126,28,70,0.0,0.0,0.0
Goodman Creek,47.97055556,-123.9938889,1.82825875282,1001,36,50,0.0,0.0,0.0
Louella,47.995,-123.0847222,5.03466844559,497,35,50,0.0,0.0,0.0
Wynoochee River,47.50583333,-123.5369444,6.56371688843,689,37,70,0.0,0.0,0.0
Alder Creek,47.84944444,-120.6616667,2.35795307159,725,29,70,0.0,0.0,0.0
Blewett,47.47444444,-120.6,3.34456896782,864,29,150,22.0,67.0,11.0
Hay Canyon,47.54083333,-120.4880556,7.58135700226,537,10,70,0.0,0.0,0.0
Hungry Hunter 33_42,48.09888889,-120.1425,2.50771808624,1019,23,90,45.0,47.0,8.0
Jay Ridge Rx,48.26861111,-119.9555556,2.93581438065,993,24,90,45.0,47.0,8.0
Little Bridge Cr,48.37916667,-120.2808333,1.89896476269,716,0,140,41.0,45.0,14.0
Natapoc,47.74916667,-120.6747222,6.16314840317,608,21,150,54.0,28.0,18.0
Shady 7,48.09888889,-120.1422222,2.50771808624,1019,23,90,45.0,47.0,8.0
South Gold,48.11083333,-120.1527778,4.31521654129,1073,27,150,45.0,47.0,8.0
Squaw Creek,48.08166667,-120.0861111,3.15409111977,709,22,150,45.0,47.0,8.0
Corral Creek,39.61944444,-105.4730556,3.17833590508,2496,21,70,39.0,41.0,20.0
Harbison Meadow,40.27055556,-105.8383333,4.65897607803,2658,23,70,19.0,66.0,15.0
Kinney Creek,39.83583333,-106.0458333,5.73873281479,2816,22,70,19.0,66.0,15.0
Pickle Gulch,39.84472222,-105.5163889,5.31231832504,2836,19,70,29.0,66.0,5.0
Arkansas Mountain,38.43,-105.7072222,6.13120937347,2405,19,70,18.0,61.0,21.0
High Park,38.66944444,-105.3547222,2.44235062599,2506,13,130,18.0,61.0,21.0
RGFO - Copper Gulch,38.34555556,-105.4519444,1.060308218,2271,0,130,18.0,61.0,21.0
RGFO - Four Mile,38.54055556,-105.2038889,3.37093710899,1905,7,30,19.0,67.0,14.0
Lookout Mountain,39.72416667,-105.2502778,5.63407754898,2280,20,70,39.0,41.0,20.0
Mt Evans SWA Unit 25,39.62055556,-105.4727778,2.39845895767,2496,21,70,39.0,41.0,20.0
Mt Evans SWA Unit 27,39.62055556,-105.4819444,2.39845895767,2540,21,70,39.0,41.0,20.0
Mt Evans SWA Unit 7,39.59944444,-105.5,3.8728120327,2684,22,70,39.0,41.0,20.0
South Table Mountain,39.74055556,-105.1833333,1.58033788204,1839,10,140,33.0,34.0,33.0
D06_Carrizo Creek,37.14583333,-103.0075,0.606548547745,1469,8,130,36.0,53.0,11.0
D06_Dry Bluff,37.695,-104.0327778,0.78970849514,1538,8,130,67.0,8.0,25.0
D06_Rourke Ranch,37.59083333,-103.6363889,0.431344538927,1347,9,110,41.0,45.0,14.0
D06_Ute Canyon,37.06,-102.63,0.455230742693,1312,7,110,16.0,75.0,9.0
D06_Withers Canyon,37.65611111,-103.5875,0.723693013191,1410,9,130,41.0,45.0,14.0
Iron Springs Bench,40.46972222,-109.0311111,7.85525655746,1930,12,110,37.0,36.0,27.0
Crown,39.32055556,-107.1347222,2.05855202675,2458,0,140,37.0,42.0,21.0
East Piceance,39.73166667,-107.9336111,5.28655719757,2328,17,70,37.0,41.0,22.0
Garfield County Airport,39.51833333,-107.7227778,1.58428108692,1692,0,140,33.0,46.0,21.0
Grass Mesa,39.45361111,-107.7847222,6.38179731369,2260,16,70,34.0,35.0,31.0
Hardscrabble,39.58388889,-106.7866667,5.36660385132,2404,21,120,17.0,67.0,16.0
Lookout Mtn,39.54388889,-107.2972222,8.8698682785,2306,11,70,38.0,41.0,21.0
Middle Rifle Creek,39.66111111,-107.78,7.07696628571,1959,15,30,37.0,41.0,22.0
Porcupine,39.45694444,-107.8583333,5.78204154968,1918,12,30,34.0,35.0,31.0
Demaree,39.45666667,-108.7888889,4.21866178513,1760,0,120,53.0,18.0,29.0
Spear Hunter,39.36444444,-108.3658333,1.98175239563,1773,9,70,34.0,36.0,30.0
Kannah Creek,38.99388889,-108.2552778,5.09785366058,2097,0,30,35.0,52.0,13.0
Huntsman,38.33166667,-107.0897222,1.54714739323,2757,18,30,37.0,41.0,22.0
Monarch,38.43972222,-106.3755556,7.15168762207,2965,23,70,23.0,57.0,20.0
Needle Creek,38.38916667,-106.5308333,2.58110904694,2678,21,140,37.0,41.0,22.0
Taylor Park,38.91194444,-106.6177778,2.14372420311,3086,19,70,23.0,67.0,10.0
Calico,40.37694444,-108.5219444,1.42908787727,2049,7,30,34.0,23.0,43.0
Great Divide,40.7575,-107.8536111,0.823350429535,2176,0,140,19.0,65.0,16.0
Rye Grass,40.58833333,-108.6733333,1.32435131073,2094,12,30,8.0,85.0,7.0
Chapin,37.24305556,-108.5036111,2.87883734703,2364,9,30,30.0,26.0,44.0
D-11 Indian Creek,39.38972222,-105.1016667,3.88140702248,2278,27,70,20.0,70.0,10.0
D10 - Current Creek,38.69861111,-105.48,3.83731794357,2825,14,70,18.0,61.0,21.0
D10 - Flagstaff Mtn. - Cold,38.97916667,-105.3383333,2.52911496162,2576,0,70,19.0,67.0,14.0
D10 - Flagstaff Mtn. - Hot,38.98,-105.3477778,3.53190922737,2512,0,70,19.0,67.0,14.0
D10 - Jones Hill Lower,39.03666667,-106.0191667,2.11883425713,2950,21,30,23.0,57.0,20.0
D10 - Jones Hill Upper,39.02861111,-106.0419444,2.25038957596,3068,21,70,23.0,57.0,20.0
D10 - Lost Park,39.31194444,-105.5508333,2.36960053444,3170,22,70,21.0,64.0,15.0
D10 - Michigan Creek,39.42583333,-105.8891667,5.68294095993,3267,21,70,24.0,50.0,26.0
D10 - Puma Hills,39.13972222,-105.6,6.48954105377,3081,20,70,24.0,50.0,26.0
D10 - Sledgehammer North,38.91861111,-105.3966667,0.0959072336555,2668,21,70,19.0,67.0,14.0
D10 - Tarryall,39.15916667,-105.5094444,1.62942779064,2709,0,70,24.0,50.0,26.0
D11_Guanella_Pass,39.52333333,-105.7305556,5.68824863434,3062,22,70,29.0,66.0,5.0
D11_Miller_Gulch,39.37388889,-105.34,1.5269048214,2384,25,70,39.0,41.0,20.0
D11_Spring_Creek,39.33888889,-105.2452778,2.50228071213,2356,15,70,20.0,70.0,10.0
D11_Sugar_Creek,39.31111111,-105.1358333,1.98559606075,2408,22,70,20.0,70.0,10.0
D11_Waterton,39.45055556,-105.1166667,2.94024372101,1831,14,70,20.0,70.0,10.0
D9 Gold Camp,38.72694444,-105.0075,3.14875268936,3005,21,70,19.0,67.0,14.0
D9 Lower Rampart,38.72722222,-105.0072222,3.14875268936,3005,21,70,19.0,67.0,14.0
D9 Mt. Herman,38.90333333,-104.9102778,3.46135663986,2453,22,70,19.0,67.0,14.0
D9 North Divide,41.76527778,-106.0872222,0.316833406687,2131,9,110,38.0,37.0,25.0
D9 North Rampart,39.1075,-105.0363889,0.765026926994,2842,23,70,12.0,80.0,8.0
D9 Trout Creek,39.1075,-105.105,2.0522506237,2370,18,70,12.0,80.0,8.0
Sledgehammer South,39.91861111,-105.3966667,3.7819416523,2669,26,70,39.0,41.0,20.0
Trumbull,39.25166667,-105.2411111,3.93946576118,2011,14,70,20.0,70.0,10.0
Big Horn,37.02222222,-106.2052778,3.41427302361,2671,16,30,37.0,42.0,21.0
Blue Park,37.79388889,-106.7813889,3.28720593452,3159,19,70,41.0,45.0,14.0
Lujan,38.20972222,-106.5491667,2.92960190773,3113,17,70,37.0,41.0,22.0
Beaver Meadows,40.37666667,-105.5955556,7.76852083206,2706,20,70,19.0,66.0,15.0
Kawuneeche,40.26722222,-105.8325,2.84417915344,2713,23,70,19.0,66.0,15.0
Red Feather,40.7625,-105.6188889,1.28970909119,2683,21,70,22.0,68.0,10.0
Dry Lake,40.53472222,-106.7836111,2.9641327858,2512,18,50,29.0,62.0,9.0
Dunckley Pass,40.20027778,-107.0952778,2.71044635773,2680,0,30,54.0,25.0,21.0
Gore Pass,40.07583333,-106.5611111,2.84023666382,2937,20,70,20.0,68.0,12.0
Gould,40.51027778,-106.0247222,1.21487772465,2773,17,70,17.0,70.0,13.0
Hahns Peak,40.83583333,-106.9819444,1.7943867445,2609,0,70,41.0,44.0,15.0
Independence MTN,40.91722222,-106.4469444,2.90910553932,2937,17,70,17.0,70.0,13.0
Rabbit Ears,40.36638889,-106.7827778,9.50402736664,2579,22,50,37.0,39.0,24.0
Sand Dunes,37.72638889,-105.5105556,6.25184774399,2506,19,70,24.0,49.0,27.0
D01_Lodgepole_Flats,39.15833333,-106.3461111,1.73330199718,2941,0,70,22.0,66.0,12.0
D01_Turquoise_Lake,39.2525,-106.3586111,1.11882734299,3027,0,70,19.0,66.0,15.0
D02_Browns_Creek,38.6725,-106.1619444,3.33445620537,2711,19,100,21.0,73.0,6.0
D02_Castle_Rock,38.82361111,-105.9994444,3.18286061287,2791,15,70,24.0,50.0,26.0
D02_Kerr_Gulch,38.39333333,-105.8122222,3.26825976372,2229,23,70,23.0,57.0,20.0
D02_Ohaver_Lake,38.42222222,-106.1322222,2.71419262886,2693,19,70,23.0,57.0,20.0
D02_Red_Deer,38.83194444,-106.2125,2.67411065102,2662,13,110,19.0,67.0,14.0
D02_Ute_Trail,38.60694444,-105.9366667,3.14662361145,2781,15,130,28.0,50.0,22.0
D02_Ute_Trail_Lower,38.56777778,-105.9830556,4.65863180161,2401,20,70,28.0,50.0,22.0
D03_Black_Mountain,37.86166667,-105.2841667,0.70110231638,2704,19,70,21.0,66.0,13.0
D03_Gibson,38.13805556,-105.6005556,7.98740625381,2869,19,70,27.0,57.0,16.0
D03_Red_Creek,38.20722222,-104.9977778,1.14828944206,1738,7,120,67.0,8.0,25.0
D03_Willis_Creek,38.00277778,-105.0561111,2.33507728577,2754,21,70,21.0,64.0,15.0
Boggy Draw North,37.59694444,-108.42,2.37536692619,2446,21,70,33.0,34.0,33.0
Boggy Draw South,37.50472222,-108.46,0.697286367416,2322,20,70,33.0,34.0,33.0
Dolores Rim,37.79916667,-108.7930556,6.03210639954,2411,20,70,37.0,41.0,22.0
Engineer,39.53416667,-107.8005556,1.40887737274,1666,12,30,37.0,41.0,22.0
Lowry Ruin,37.58527778,-108.9191667,0.89588624239,2032,0,140,43.0,38.0,19.0
Sauls Creek,37.23583333,-107.5361111,0.801445603371,2166,0,70,31.0,29.0,40.0
Stinking Springs,37.35833333,-108.4994444,1.49611163139,1963,0,130,29.0,45.0,26.0
Turkey Springs,37.3325,-107.1255556,1.43259680271,2421,0,140,38.0,40.0,22.0
Mesa Mountain,37.07305556,-107.7533333,0.710832059383,2261,11,140,31.0,29.0,40.0
Sandoval,37.09055556,-107.3211111,5.89796543121,2486,11,140,43.0,18.0,39.0
Black Canyon,38.54194444,-107.6872222,4.97302103043,2534,12,70,31.0,30.0,39.0
Stevens Gulch,38.90111111,-107.6197222,5.34770536423,2128,19,70,33.0,34.0,33.0
Davewood,38.305,-107.9638889,1.92929470539,2460,12,70,17.0,70.0,13.0
Raspberry,38.31388889,-108.1955556,2.25382375717,2997,21,30,31.0,30.0,39.0
Roatcap,38.44555556,-108.1586111,1.68729400635,2381,0,100,31.0,30.0,39.0
Rocky Pitch,38.76444444,-108.6327778,1.28715491295,2500,13,120,31.0,30.0,39.0
Sanborn,38.18722222,-108.2130556,0.134793356061,2405,17,70,31.0,30.0,39.0
Hanna Springs,37.27972222,-108.7541667,6.05687236786,2241,19,70,30.0,26.0,44.0
North Thomas,37.03388889,-108.2605556,0.853810608387,2102,7,70,42.0,39.0,19.0
Sundance,37.24722222,-108.7841667,5.97329425812,2358,0,100,36.0,38.0,26.0
Crooked Wash,40.19277778,-108.2925,0.952153027058,1829,8,110,22.0,67.0,11.0
Crossroads,40.05638889,-108.2994444,1.28990709782,2001,0,110,22.0,67.0,11.0
Dragon Road,39.915,-108.8877778,0.529060542583,1906,0,110,22.0,67.0,11.0
Burro Mountian,39.86388889,-107.5869444,2.47372341156,3016,0,70,37.0,39.0,24.0
Cattle Creek,40.00722222,-107.5697222,3.76485681534,2337,0,50,37.0,39.0,24.0
Soda Creek,39.56,-105.9863889,5.87724113464,2929,22,70,18.0,66.0,16.0
West Elk Creek,39.72083333,-107.6555556,1.44372093678,2680,18,50,33.0,46.0,21.0
D07_Cimarron River,37.12055556,-101.9038889,0.867364823818,1037,8,140,49.0,23.0,28.0
D07_Cimarron South,37.07361111,-101.6708333,0.144941985607,1028,0,30,16.0,75.0,9.0
BRDRAWS,41.8975,-100.3108333,0.604532837868,828,13,30,1.0,95.0,4.0
Kings Canyon RAWS South,42.72388889,-102.9716667,1.51609277725,1230,0,70,70.0,7.0,23.0
Adams,44.27777778,-104.1130556,0.685172736645,1765,19,70,50.0,22.0,28.0
Baker Park,43.97944444,-103.4241667,1.32565736771,1403,24,70,39.0,42.0,19.0
Bearlodge,44.76388889,-104.4280556,0.973842442036,1186,16,50,30.0,50.0,20.0
Custer,43.75,-103.6330556,0.375017106533,1652,12,70,50.0,22.0,28.0
Kinney,44.03555556,-103.7561111,1.05335390568,1852,21,70,46.0,19.0,35.0
Nemo,44.18972222,-103.5105556,0.0979573875666,1432,24,70,39.0,42.0,19.0
Teepee,43.72388889,-103.9313889,1.20667600632,1588,20,70,50.0,22.0,28.0
Whitetail Peak,44.12583333,-103.8438889,2.83896112442,1996,21,70,46.0,19.0,35.0
Lame Johnny,43.71166667,-103.4433333,0.0573862865567,1466,24,70,16.0,69.0,15.0
Warren Lamb Draw,43.79611111,-103.4433333,1.77500510216,1544,0,70,39.0,42.0,19.0
Elk Mtn,43.58027778,-103.4938889,1.69076919556,1340,11,70,16.0,69.0,15.0
Antelope Butte,44.615,-107.5113889,2.02277541161,2709,15,70,37.0,41.0,22.0
Burgess,44.79055556,-107.5272222,1.34154784679,2371,14,70,37.0,42.0,21.0
Schoolhouse,44.30666667,-106.9791667,2.30604863167,2426,17,70,37.0,39.0,24.0
Switchback,44.82055556,-107.3247222,9.46229934692,1639,23,70,37.0,39.0,24.0
Esterbrook,42.41583333,-105.3594444,1.28209757805,1970,14,70,41.0,36.0,23.0
North Fork C.G.,41.35472222,-106.1677778,3.07958745956,2802,19,70,21.0,68.0,11.0
Prospect,41.09694444,-106.4805556,2.88708114624,2423,0,30,19.0,67.0,14.0
Sandstone,41.19638889,-107.2152778,1.82794857025,2469,20,70,15.0,67.0,18.0
Sawmill Park RAWS,41.07416667,-106.1311111,0.286334872246,2767,22,70,20.0,66.0,14.0
Thunder Basin Work Center,43.17805556,-105.1558333,0.526640594006,1459,5,130,18.0,57.0,25.0
Whiskey Gulch,41.24722222,-105.4305556,0.783755898476,2601,21,70,32.0,49.0,19.0
Bald Ridge 1,44.73083333,-109.3741667,1.39982807636,2352,23,70,39.0,41.0,20.0
Bald Ridge 2,44.72277778,-109.3594444,2.30007076263,2334,23,140,39.0,41.0,20.0
Beartooth,44.93555556,-109.6272222,3.77730417252,2792,20,70,39.0,41.0,20.0
Boulder Creek,44.19222222,-109.5461111,6.01797819138,1958,21,130,39.0,43.0,18.0
Carter Mountain,44.30527778,-109.2430556,4.01573562622,2656,23,70,36.0,35.0,29.0
Carter Mtn,44.30055556,-109.2472222,5.12114667892,2656,23,70,36.0,35.0,29.0
Clearwater Trailhead,44.46361111,-109.6688889,4.32076931,1849,19,70,39.0,41.0,20.0
Crandall 1000,44.84555556,-109.6358333,0.755281627178,1989,22,50,39.0,41.0,20.0
Crandall 1,44.84611111,-109.5872222,0.449583500624,2026,22,70,39.0,41.0,20.0
Crandall 2,44.84388889,-109.5791667,3.51030564308,2030,22,70,39.0,41.0,20.0
Crandall RAWS,44.84722222,-109.5975,0.603216707706,1960,22,70,39.0,41.0,20.0
Dead Indian Creek,44.75388889,-109.4130556,6.28918075562,1863,16,70,18.0,58.0,24.0
Dead Indian Summit,44.75166667,-109.3788889,7.00277328491,2530,25,70,18.0,58.0,24.0
Dick Creek 1,44.02333333,-109.1361111,5.24551200867,2324,17,70,37.0,40.0,23.0
Dick Creek 2,44.02222222,-109.1386111,5.24551200867,2324,17,70,37.0,40.0,23.0
East Fork,43.66361111,-109.3725,2.05302381516,2529,19,70,21.0,55.0,24.0
East Gate,44.49111111,-110.0002778,6.45632362366,2427,20,70,28.0,61.0,11.0
Elkhorn,43.67944444,-109.6111111,3.71301150322,2462,0,70,21.0,55.0,24.0
Fishhawk Trailhead,44.455,-109.835,4.66896104813,1965,22,70,28.0,61.0,11.0
Green Creek,44.44027778,-109.5030556,5.99171590805,1949,24,70,39.0,41.0,20.0
Kitty Creek 1,44.46444444,-109.8644444,5.76510715485,2153,23,70,28.0,61.0,11.0
Kitty Creek 2,44.45694444,-109.8591667,0.688643753529,2011,23,70,28.0,61.0,11.0
Lower Beartooth,44.92805556,-109.7147222,5.10087776184,2227,20,70,39.0,41.0,20.0
South Fork 1000,44.15305556,-109.6036111,4.52174568176,1942,9,30,39.0,43.0,18.0
Sulphur Camp,44.67861111,-109.6533333,0.0745945423841,2195,22,70,39.0,41.0,20.0
Timber Creek 1000,44.04527778,-109.1836111,3.4117398262,2322,17,70,37.0,40.0,23.0
Timber Creek,44.0375,-109.1805556,2.999979496,2327,17,70,37.0,40.0,23.0
Wapiti 1000,44.46361111,-109.6122222,3.843116045,1809,16,70,39.0,41.0,20.0
Wood River,43.94222222,-109.1972222,12.8455123901,2648,23,140,39.0,41.0,20.0
Camp Creek,42.34027778,-107.5730556,2.84537267685,2243,14,140,19.0,63.0,18.0
Grass Creek,43.89361111,-108.8555556,0.538368165493,2163,0,110,22.0,66.0,12.0
Hyatt High,44.30111111,-107.5069444,3.82872605324,1763,0,70,38.0,41.0,21.0
Pistol Draw,43.84916667,-107.9227778,0.662039041519,1340,0,130,35.0,43.0,22.0
Rattlesnake,44.57388889,-109.2613889,8.73433876038,2370,20,70,39.0,41.0,20.0
River Bottom,44.26444444,-107.9694444,0.192109718919,1188,9,140,19.0,67.0,14.0
Split Rock,43.56055556,-107.3975,2.03876924515,1982,0,140,38.0,41.0,21.0
Spring Creek,44.44444444,-109.0388889,0.952838301659,1637,7,130,36.0,35.0,29.0
Little Washakie Park,42.97805556,-109.1222222,3.66317629814,2819,12,140,44.0,37.0,19.0
Sharpnose,42.94861111,-108.6105556,1.37364411354,1648,0,130,32.0,43.0,25.0
Anderson Ridge,42.40444444,-108.9155556,0.833661615849,2358,0,130,36.0,49.0,15.0
Bell Springs,41.93333333,-107.33,0.633333802223,2172,0,130,38.0,37.0,25.0
Cow Creek,41.30888889,-107.5738889,1.1616538763,2108,9,110,38.0,37.0,25.0
Cumberland,41.81444444,-110.7436111,1.59138977528,2028,8,110,36.0,35.0,29.0
Dad,41.38333333,-107.7327778,2.16827511787,2195,0,130,38.0,37.0,25.0
Evanston,41.30444444,-110.7358333,1.09433889389,2122,0,110,29.0,25.0,46.0
Firehole Cheat,41.36722222,-109.3208333,1.8447612524,2084,0,130,22.0,70.0,8.0
Firehole,41.36722222,-109.3208333,1.8447612524,2084,0,130,22.0,70.0,8.0
KemmererCheat,41.79666667,-110.5308333,4.36592149734,2167,0,130,36.0,35.0,29.0
Little Mountain 1,41.0975,-109.2652778,2.51055073738,2710,9,140,36.0,37.0,27.0
Little Mountain 2,41.07916667,-109.2925,1.07252180576,2770,9,70,36.0,37.0,27.0
Lower Sage,41.28888889,-109.2444444,3.65398454666,2269,8,110,22.0,70.0,8.0
Mesa,42.82611111,-109.9186111,0.320131450891,2242,0,130,20.0,68.0,12.0
Minnies Gap,41.02027778,-109.4313889,1.02051413059,1981,10,110,36.0,37.0,27.0
Moxa,41.655,-110.0452778,0.901161015034,1976,0,130,41.0,44.0,15.0
Red Creek,41.0475,-107.8080556,1.15250718594,1984,8,130,41.0,44.0,15.0
Sand Creek,41.06833333,-107.8844444,0.922327458858,1926,0,130,41.0,44.0,15.0
Slate Creek,42.025,-110.4847222,1.33714222908,2352,0,110,41.0,44.0,15.0
Smiths Fork,42.1325,-110.8855556,0.269795745611,1940,11,30,36.0,38.0,26.0
Snow Springs 1,41.45277778,-109.1875,2.36534118652,2230,11,110,22.0,70.0,8.0
Snow Springs 2,41.42,-109.1347222,2.58692717552,2515,9,120,22.0,70.0,8.0
Square Top,42.57222222,-109.5711111,0.303750425577,2212,0,130,18.0,67.0,15.0
Sweetwater Campground 1,42.55972222,-109.0683333,1.01090323925,2577,17,30,44.0,37.0,19.0
Sweetwater Campground 2,42.56194444,-109.0680556,1.01090323925,2577,17,70,44.0,37.0,19.0
60 Bar,44.50861111,-105.4394444,1.85614442825,1239,16,130,35.0,37.0,28.0
Billy Creek,44.10277778,-106.8561111,1.71521258354,2306,17,70,21.0,63.0,16.0
Newcastle,43.80722222,-104.0905556,2.33559894562,1408,16,130,38.0,42.0,20.0
Ormsby Range,43.04611111,-106.3330556,0.399642884731,1675,6,110,37.0,37.0,26.0
Petrified,44.35111111,-106.5297222,1.17196452618,1382,0,120,34.0,36.0,30.0
Freds Road,28.80333333,-80.81722222,0.099109865725,8,13,50,0.0,96.0,4.0
Hall Road,28.43333333,-80.67138889,0.0859143361449,6,17,70,0.0,96.0,4.0
WSEG,28.78666667,-80.79333333,0.0439373292029,6,0,50,0.0,96.0,4.0
Bogue Chitto,30.56777778,-89.82888889,0.0376759506762,24,20,70,21.0,68.0,11.0
Big Branch Marsh,30.325,-89.9375,0.0336983948946,16,17,50,69.0,11.0,20.0
Cameron Prairie,29.97222222,-93.095,0.030140761286,4,8,170,25.0,16.0,59.0
Sabine NWR,29.97222222,-93.095,0.030140761286,4,8,170,25.0,16.0,59.0
MSC,30.45,-88.66166667,0.0150703825057,8,19,50,59.0,34.0,7.0
Pocosin Lakes NWR,35.74694444,-76.51083333,0.0238283649087,6,20,50,0.0,0.0,0.0
Dupont RSF-Old Growth,35.19666667,-82.60888889,1.46348834038,779,32,70,46.0,34.0,20.0
Dupont RSF,35.19666667,-82.60888889,1.46348834038,779,32,70,46.0,34.0,20.0
Rendezvous Mountain ESF,36.22833333,-81.29888889,2.86511349678,671,25,50,6.0,54.0,40.0
RMESF-Old Growth,36.22833333,-81.29888889,2.86511349678,671,25,50,6.0,54.0,40.0
City of Austin-Cortana,30.37166667,-97.87833333,0.679181158543,248,10,70,29.0,23.0,48.0
City of Austin-Onion,30.06472222,-97.95055556,0.47524407506,286,0,110,27.0,18.0,55.0
City of Austin-Reicher,30.33055556,-97.93972222,1.55583059788,180,13,70,29.0,23.0,48.0
City of Austin-Slaughter,30.20861111,-97.89583333,0.486460626125,290,12,110,27.0,18.0,55.0
CNTX_Bastrop_TX,30.11361111,-97.26166667,0.315576523542,178,23,70,21.0,54.0,25.0
CNTX_Bosque_TX,31.88361111,-97.70555556,0.27168315649,306,10,70,36.0,36.0,28.0
CNTX_Brazos_TX,30.55111111,-96.24166667,0.0982467755675,86,17,140,20.0,61.0,19.0
CNTX_Colorado_TX,29.75611111,-96.43666667,0.207866594195,95,0,50,10.0,82.0,8.0
CNTX_Comal_TX,29.86055556,-98.5075,0.409951716661,380,12,70,27.0,18.0,55.0
CNTX_Gonzales_TX,29.55694444,-97.68388889,0.554370045662,153,11,140,1.0,93.0,6.0
CNTX_Hays_TX,29.93444444,-98.08027778,0.670770704746,321,11,140,27.0,18.0,55.0
CNTX_McCl_TX,31.33,-97.47,0.333678454161,226,0,30,28.0,17.0,55.0
COPL_Hidalgo_TX,26.18694444,-98.38166667,0.0238283649087,37,7,30,18.0,57.0,25.0
COPL_Jim Wells_TX,27.645,-98.2,0.219685614109,84,0,70,16.0,70.0,14.0
COPL_McMullen_TX,28.45,-98.375,0.241242393851,78,13,30,18.0,58.0,24.0
COPL_Starr_TX,26.3775,-98.72694444,0.175748795271,87,0,70,14.0,66.0,20.0
HILL_Bandera_TX,29.62805556,-99.18055556,0.250819534063,462,0,140,29.0,25.0,46.0
HILL_Coke_TX,31.90611111,-100.5816667,0.4038823843,571,0,30,35.0,37.0,28.0
HILL_Coleman_TX,31.50583333,-99.65972222,0.28364533186,467,0,70,36.0,34.0,30.0
HILL_Edwards2_TX,30.27138889,-100.5683333,0.287916839123,695,8,140,28.0,22.0,50.0
HILL_Edwards_TX,29.60916667,-100.4730556,0.390226662159,525,7,30,35.0,37.0,28.0
HILL_Gillespie_TX,30.2625,-98.62888889,0.823350429535,470,0,140,49.0,7.0,44.0
HILL_Kimble_TX,30.44444444,-99.79722222,0.182251349092,535,0,70,28.0,22.0,50.0
HILL_Mason_TX,30.82166667,-99.22833333,0.639444410801,527,7,140,23.0,53.0,24.0
HILL_SanSaba_TX,31.05305556,-98.49944444,0.810110509396,407,16,70,39.0,37.0,24.0
HILL_TomGreen_TX,31.465,-100.5083333,0.598113000393,586,5,30,59.0,6.0,35.0
HIPL_Hemphill_TX,35.93027778,-100.2730556,0.313410103321,756,0,30,37.0,38.0,25.0
HIPL_Randall_TX,34.93805556,-101.6538889,3.3693356514,865,11,140,30.0,28.0,42.0
LGCO_Cameron_TX,25.99638889,-97.57138889,0.0643806755543,15,8,50,68.0,7.0,25.0
NETX_Cass_TX,32.99666667,-94.34888889,0.483299255371,110,17,50,9.0,82.0,9.0
NETX_Fan_TX,33.73777778,-95.9175,0.393342345953,165,17,50,28.0,17.0,55.0
NETX_Harr_TX,32.56166667,-94.2975,0.149568930268,117,25,110,21.0,67.0,12.0
NETX_KAUF_TX,32.75416667,-96.13277778,0.224036201835,181,0,110,21.0,54.0,25.0
NETX_RedR_TX,33.69888889,-95.05805556,0.190626233816,129,14,140,28.0,22.0,50.0
NETX_Rusk_TX,32.16666667,-94.81,0.0336983948946,146,0,140,21.0,67.0,12.0
NETX_Wood_TX,32.76277778,-95.25194444,0.382586181164,127,21,50,18.0,60.0,22.0
NOTX_Clay_TX,33.76333333,-98.39,0.242650419474,286,9,140,50.0,26.0,24.0
NOTX_Hood_TX,32.45777778,-97.82416667,0.223147422075,228,0,140,22.0,61.0,17.0
NOTX_Palo_TX,32.86555556,-98.55722222,1.07156896591,368,14,70,21.0,56.0,23.0
NOTX_Wise_TX,33.35527778,-97.59472222,0.388988018036,326,0,100,22.0,61.0,17.0
RGPL_Dimmit_TX,28.3,-99.39416667,0.263729840517,186,4,140,17.0,70.0,13.0
ROPL_Cottle_TX,34.14416667,-100.3627778,0.605096042156,546,6,30,17.0,73.0,10.0
ROPL_Hardeman_TX,34.11111111,-99.755,0.363719344139,435,6,30,28.0,22.0,50.0
ROPL_Taylor_TX,32.35277778,-100.09,0.460377335548,623,6,30,37.0,35.0,28.0
SCTX_Harris_TX,30.10638889,-95.65361111,0.201063156128,59,19,70,16.0,70.0,14.0
SETX_Ang_TX,31.30916667,-94.825,0.368064165115,75,18,50,30.0,64.0,6.0
SETX_Newt_TX,30.62833333,-93.82277778,0.126312613487,37,17,50,20.0,67.0,13.0
SETX_SAug_TX,31.44166667,-94.09027778,0.28364533186,113,20,100,18.0,60.0,22.0
SETX_Tylr_TX,30.73972222,-94.43111111,0.29261136055,111,0,30,20.0,67.0,13.0
SOPL_Crane_TX,31.50333333,-102.3455556,0.125410377979,799,6,30,38.0,40.0,22.0
SOPL_Crockett_TX,30.98611111,-101.1575,0.0694709941745,803,0,140,28.0,22.0,50.0
SOPL_Howard_TX,32.22916667,-101.4869444,1.11231577396,826,0,30,35.0,37.0,28.0
SOPL_Pecos_TX,30.46083333,-102.88,0.78970849514,1303,10,120,35.0,37.0,28.0
SOPL_Terrell_TX,30.48166667,-101.8066667,1.02691745758,637,10,140,35.0,37.0,28.0
TPEC_BrewsterBBNP_TX,29.26916667,-103.3016667,8.24342060089,1608,0,70,37.0,41.0,22.0
TPEC_Brewster_TX,30.04833333,-103.4902778,0.754454433918,1328,0,110,55.0,14.0,31.0
TPEC_JeffDavis2_TX,30.62944444,-104.1316667,0.167307913303,1832,12,70,34.0,16.0,50.0
TPEC_JeffDavis_TX,30.59583333,-103.9230556,2.36432313919,1592,11,130,36.0,38.0,26.0
TPEC_Presidio_TX,30.07416667,-104.4538889,1.79217326641,1623,0,130,36.0,38.0,26.0
WPW_Andr_TX,31.77416667,-95.66222222,1.11356508732,189,20,50,9.0,83.0,8.0
WPW_Hous_TX,31.32777778,-95.40944444,0.276345282793,115,14,50,18.0,60.0,22.0
WPW_Mont_TX,30.23583333,-95.48277778,0.475841015577,53,13,100,16.0,78.0,6.0
WPW_Walk_TX,30.6175,-95.53222222,0.250932693481,112,22,70,9.0,83.0,8.0
Big Thicket National Preserve,30.45861111,-94.38694444,0.205669805408,38,17,160,22.0,68.0,10.0
Balcones,30.51388889,-98.02638889,1.19924640656,285,15,120,39.0,37.0,24.0
Browns Gap,38.24166667,-78.71222222,0.824968993664,786,30,100,25.0,54.0,21.0
Headquarters,38.6675,-78.375,1.40672135353,348,21,50,57.0,29.0,14.0
Path_Ridge2,38.47333333,-79.2,4.24496173859,953,29,70,19.0,67.0,14.0
Path_Ridge,38.47333333,-79.2,4.24496173859,953,29,70,19.0,67.0,14.0
Glendora Motorway,34.16583333,-117.8613889,4.09880876541,670,23,100,42.0,46.0,12.0
Gold Creek,34.32194444,-118.3177778,5.1336145401,632,26,70,20.0,68.0,12.0
Lady Bug,34.26111111,-118.115,5.52340555191,1335,22,70,20.0,68.0,12.0
Lake Hughes,34.54333333,-118.5613889,1.05547988415,600,20,70,20.0,68.0,12.0
Mt. Baldy Village,34.23388889,-117.6638889,7.58409261703,1390,26,50,20.0,68.0,12.0
Hastings New Growth,36.38472222,-121.5502778,2.69886112213,552,25,70,-999.0,-999.0,-999.0
Hastings Old Growth,36.38472222,-121.5502778,2.69886112213,552,25,70,-999.0,-999.0,-999.0
Lockwood New Growth,35.95083333,-121.0008333,2.13152837753,759,0,70,34.0,32.0,34.0
Lockwood Old Gorwth,35.95083333,-121.0008333,2.13152837753,759,0,70,34.0,32.0,34.0
Parkfield New Growth,35.96666667,-120.4730556,4.51028060913,687,18,70,51.0,18.0,31.0
Parkfield Old Growth,35.96666667,-120.4730556,4.51028060913,687,18,70,51.0,18.0,31.0
Pebble Beach New Growth,36.59111111,-121.9363889,2.33268642426,66,32,70,-999.0,-999.0,-999.0
Pebble Beach Old Growth,36.59111111,-121.9363889,2.33268642426,66,32,70,-999.0,-999.0,-999.0
Smith Ranch,36.54472222,-121.1608333,2.97680783272,451,21,70,34.0,35.0,31.0
Los Gatos,36.20916667,-120.5119444,4.60260820389,509,20,70,62.0,7.0,31.0
Anza,33.54833333,-116.7175,1.78227412701,1174,0,110,22.0,68.0,10.0
Pine Cove,33.72166667,-116.7225,5.2583990097,1540,24,70,22.0,68.0,10.0
San Jacinto,33.79388889,-116.9261111,4.5678319931,498,0,110,31.0,51.0,18.0
Temecula,33.4575,-117.1711111,0.675325334072,360,19,70,31.0,56.0,13.0
Case Springs RAWS,33.44138889,-117.3966667,2.80236291885,857,14,70,-999.0,-999.0,-999.0
Mt. Woodson Station,33.00277778,-116.9613889,0.723496854305,579,16,70,19.0,64.0,17.0
Potrero Station,32.58833333,-116.5441667,4.79397106171,769,12,120,10.0,82.0,8.0
Rainbow Camp,33.4275,-117.1183333,2.00377011299,474,18,70,31.0,56.0,13.0
Warner Springs Station,33.27166667,-116.6388889,1.9144269228,982,20,130,22.0,68.0,10.0
White Star,32.64694444,-116.3166667,1.65946853161,1203,0,120,10.0,82.0,8.0
Irish Hills,35.25388889,-120.7075,3.30120015144,142,0,70,-999.0,-999.0,-999.0
Lopez Lake,35.19333333,-120.445,0.560835242271,311,25,70,34.0,32.0,34.0
Parkhill,35.41,-120.5422222,1.60034632683,402,23,70,-999.0,-999.0,-999.0
Sonora,38.00333333,-120.3516667,2.10742211342,834,26,70,39.0,41.0,20.0
Valley Springs,38.11472222,-120.79,0.598871827126,227,18,70,41.0,44.0,15.0
Jake Flat,36.27222222,-118.7558333,9.46848964691,1230,26,50,20.0,68.0,12.0
Black Star CNF,33.75472222,-117.6708333,3.21565461159,315,16,70,17.0,69.0,14.0
Cameron,32.73361111,-116.45,2.3019297123,1068,0,110,10.0,82.0,8.0
DESCANSO STATION,32.85694444,-116.6222222,1.18957817554,1060,17,70,10.0,82.0,8.0
El Cariso CNF,33.6625,-117.4172222,7.39045763016,907,25,70,20.0,68.0,12.0
Temescal CNF,33.74805556,-117.4813889,3.03567028046,342,27,130,20.0,68.0,12.0
Combined,37.73527778,-119.0002778,2.7866461277,2348,0,70,22.0,66.0,12.0
Crestview 1000 hour,37.73527778,-119.0002778,2.7866461277,2348,0,70,22.0,66.0,12.0
Crestview sagebrush combined averages,37.73527778,-119.0002778,2.7866461277,2348,0,70,22.0,66.0,12.0
Crestview sagebrush new growth,37.73527778,-119.0002778,2.7866461277,2348,0,70,22.0,66.0,12.0
Crestview sagebrush old growth,37.73527778,-119.0002778,2.7866461277,2348,0,70,22.0,66.0,12.0
Frazier Park new growth,34.82444444,-118.9369444,4.49737071991,1486,0,100,20.0,67.0,13.0
Frazier Park old growth,34.82444444,-118.9369444,4.49737071991,1486,0,100,20.0,67.0,13.0
Lake Isabella new growth,35.67944444,-118.4811111,6.84545135498,994,0,140,37.0,41.0,22.0
Lake Isabella old growth,35.67944444,-118.4811111,6.84545135498,994,0,140,37.0,41.0,22.0
Tehachapi new growth,35.09694444,-118.4911111,3.38446521759,1470,28,110,20.0,68.0,12.0
Tehachapi old growth,35.09694444,-118.4911111,3.38446521759,1470,28,110,20.0,68.0,12.0
"Bitter Canyon, Castaic",34.51,-118.5944444,1.65734815598,523,20,70,20.0,68.0,12.0
Bouquet Canyon,34.48611111,-118.4727778,2.14328789711,541,0,70,20.0,68.0,12.0
"Clark Motorway, Malibu",34.08444444,-118.8625,1.73420155048,446,22,70,37.0,39.0,24.0
"Glendora Ridge, Glendora",34.16527778,-117.865,0.815487980843,670,23,70,42.0,46.0,12.0
"La Tuna Canyon, Tujunga",34.24666667,-118.3027778,2.59470772743,560,20,70,35.0,43.0,22.0
"Laurel Canyon, Mt. Olympus",34.12472222,-118.3688889,1.99061441422,346,19,70,35.0,43.0,22.0
Peach Motorway,34.35555556,-118.5347222,2.00851726532,461,20,70,42.0,46.0,12.0
Pico Canyon,34.37777778,-118.5955556,3.47175550461,486,19,100,42.0,46.0,12.0
Placerita Canyon,34.37527778,-118.4388889,6.37926340103,600,26,70,20.0,68.0,12.0
Plum Canyon,34.44333333,-118.4927778,1.6576218605,437,0,120,20.0,68.0,12.0
"Schueren Road, Malibu",34.07888889,-118.6447222,4.947016716,693,24,70,37.0,39.0,24.0
"Stunt Road, Calabasas",34.10111111,-118.655,1.83098602295,444,20,70,37.0,39.0,24.0
Sycamore Canyon,34.1525,-117.8019444,2.8652715683,801,20,100,42.0,46.0,12.0
Templin Highway,34.57166667,-118.6777778,3.75587153435,831,21,70,20.0,68.0,12.0
"Trippet Ranch, Topanga",34.09333333,-118.5977778,2.42190265656,324,24,70,37.0,39.0,24.0
Woolsey Canyon,34.2325,-118.6658333,4.33202886581,499,19,70,37.0,39.0,24.0
Gifford,35.10888889,-120.0763889,4.26859617233,441,19,110,37.0,38.0,25.0
Los Alamos,34.70138889,-118.8186111,1.62968885899,915,13,110,20.0,67.0,13.0
nacimiento,36.0075,-121.45,2.85196828842,784,29,100,19.0,66.0,15.0
Oak Flat,34.47138889,-118.9108333,4.29870462418,603,17,70,34.0,35.0,31.0
ponderosa,35.99833333,-121.3852778,4.43096542358,520,24,100,34.0,32.0,34.0
Reyes Creek,34.67833333,-119.3097222,5.41933393478,1212,28,70,21.0,67.0,12.0
Rose Valley,34.55055556,-119.1763889,1.89999449253,1067,16,70,41.0,44.0,15.0
San Marcos,34.51194444,-119.8055556,3.09504032135,781,26,100,37.0,38.0,25.0
upper oso,34.55416667,-119.7672222,4.64896297455,381,20,70,37.0,38.0,25.0
Black Star,33.75472222,-117.6708333,3.21565461159,315,16,70,17.0,69.0,14.0
RMV,33.5,-117.5166667,2.27743220329,253,15,70,-999.0,-999.0,-999.0
4S Ranch,33.035,-117.1033333,1.50687909126,238,10,70,20.0,68.0,12.0
El Apajo,33.02,-117.1691667,1.1881223917,78,8,70,20.0,68.0,12.0
Converse,34.18972222,-116.8905556,8.16907596588,1936,27,70,31.0,51.0,18.0
Strawberry,33.70833333,-116.7708333,7.72987174988,960,20,70,20.0,68.0,12.0
Cachuma,34.58,-119.9777778,0.929224848747,254,26,70,37.0,38.0,25.0
Harris Grade,34.69138889,-120.4455556,0.559467017651,114,0,70,37.0,35.0,28.0
Refugio,34.51833333,-120.0766667,9.83302497864,538,27,70,37.0,35.0,28.0
Tepusquet,34.98805556,-120.1966667,1.03451621532,380,25,70,37.0,38.0,25.0
West Gaviota,34.48972222,-120.36,3.67423558235,422,0,100,-999.0,-999.0,-999.0
Ash Mountain,36.48916667,-118.8272222,4.96175575256,635,28,70,20.0,68.0,12.0
Cedar Grove,36.79194444,-118.6611111,7.04345846176,1688,39,70,27.0,49.0,24.0
Elk Creek,36.51083333,-118.8052778,1.17711007595,644,30,70,39.0,43.0,18.0
Grant Grove,36.74722222,-118.9766667,6.92552757263,1879,33,70,39.0,43.0,18.0
Mineral King,36.46222222,-118.6322222,11.8807754517,2356,0,70,29.0,47.0,24.0
Red Fir,36.60472222,-118.7683333,8.97786712646,2146,36,70,39.0,43.0,18.0
"Apperson Manzanita, Whiteleaf New",36.95638889,-119.2075,6.62185430527,729,20,70,25.0,59.0,16.0
"Apperson Manzanita, Whiteleaf Old",36.95638889,-119.2075,6.62185430527,729,20,70,25.0,59.0,16.0
"Barnes Manzanita, Whiteleaf New",37.01222222,-119.2352778,2.40222287178,1144,31,70,22.0,71.0,7.0
"Barnes Manzanita, Whiteleaf Old",37.01222222,-119.2352778,2.40222287178,1144,31,70,22.0,71.0,7.0
"Barnes Pine, Ponderosa",37.01222222,-119.2352778,2.40222287178,1144,31,70,22.0,71.0,7.0
"Buckeye Manzanita, Whiteleaf New",37.03361111,-119.3852778,5.59838581085,1100,26,70,39.0,43.0,18.0
"Buckeye Manzanita, Whiteleaf Old",37.03361111,-119.3852778,5.59838581085,1100,26,70,39.0,43.0,18.0
"Kinsman Ceanothus, Buckbrush New",37.19805556,-119.4197222,3.84294700623,1294,0,100,39.0,43.0,18.0
"Kinsman Ceanothus, Buckbrush Old",37.19805556,-119.4197222,3.84294700623,1294,0,100,39.0,43.0,18.0
"Kinsman Manzanita, Whiteleaf New",37.19805556,-119.4197222,3.84294700623,1294,0,100,39.0,43.0,18.0
"Kinsman Manzanita, Whiteleaf Old",37.19805556,-119.4197222,3.84294700623,1294,0,100,39.0,43.0,18.0
"Ponderosa Basin Ceanothus, Buckbrush New",37.47611111,-119.7597222,5.78481149673,1278,23,50,20.0,68.0,12.0
"Ponderosa Basin Ceanothus, Buckbrush Old",37.47611111,-119.7597222,5.78481149673,1278,23,50,20.0,68.0,12.0
"Ponderosa Basin Manzanita, Whiteleaf New",37.47611111,-119.7597222,5.78481149673,1278,23,50,20.0,68.0,12.0
"Ponderosa Basin Manzanita, Whiteleaf Old",37.47611111,-119.7597222,5.78481149673,1278,23,50,20.0,68.0,12.0
"Saginaw Pine, Ponderosa",37.19805556,-119.4197222,3.84294700623,1294,0,100,39.0,43.0,18.0
Cottage,38.345,-120.2283333,5.36255502701,1805,36,70,23.0,69.0,8.0
Groveland,37.69833333,-120.1169444,2.44513201714,992,19,70,39.0,43.0,18.0
Mount Provo1,38.01388889,-120.1866667,4.78386926651,1245,30,50,25.0,59.0,16.0
Mt Elizabeth,38.06305556,-120.2475,6.59037637711,1425,35,50,25.0,59.0,16.0
Summit1,38.1925,-120.1230556,7.56626653671,1250,32,50,25.0,59.0,16.0
Summit2,38.16694444,-120.1105556,5.32542514801,1408,32,100,25.0,59.0,16.0
"Circle X, Malibu",34.11083333,-118.9372222,5.02348852158,616,26,70,37.0,39.0,24.0
"Laguna Ridge, Casitas",34.4,-119.3788889,5.49994182587,359,23,70,36.0,38.0,26.0
"Los Robles, Thousand Oaks",34.17166667,-118.8822222,2.94098448753,257,19,70,37.0,39.0,24.0
"Sisar Canyon, Upper Ojai Valley",34.4475,-119.1352778,6.56961727142,655,18,70,34.0,35.0,31.0
"Tapo Canyon, Simi Valley",34.30638889,-118.7102778,1.96892416477,427,17,140,42.0,46.0,12.0
Badger Pass,37.66277778,-119.6613889,2.46020054817,2256,35,70,22.0,66.0,12.0
Crane Flat - New,37.74972222,-119.8058333,1.81562316418,1916,15,70,39.0,43.0,18.0
Crane Flat - Old,37.74972222,-119.8058333,1.81562316418,1916,15,70,39.0,43.0,18.0
El Portal,37.67972222,-119.7847222,10.8870220184,833,38,50,39.0,43.0,18.0
Foresta - New,37.7025,-119.7447222,5.30578422546,1334,30,70,22.0,66.0,12.0
Foresta - Old,37.7025,-119.7447222,5.30578422546,1334,30,70,22.0,66.0,12.0
Summit,37.67166667,-119.6572222,2.25951099396,2294,35,30,22.0,66.0,12.0
Wawona - New,37.56305556,-119.6933333,5.02836942673,1265,35,100,22.0,66.0,12.0
Wawona - Old,37.56305556,-119.6933333,5.02836942673,1265,35,100,22.0,66.0,12.0
Yosemite Valley,37.72194444,-119.6041667,10.3847312927,1811,43,70,22.0,66.0,12.0
NAA Piney Hill,35.76027778,-109.1669444,2.93519759178,2468,13,70,33.0,45.0,22.0
CRD Co 12st & Levee,32.658999,-114.751671,0.0573862865567,32,7,14,2.0,96.0,2.0
CRD Confluence K2,32.71416667,-114.5375,0.0548570044339,41,0,110,11.0,88.0,1.0
CRD Hualapai Mtns,35.08611111,-113.8727778,7.71722602844,1866,0,70,17.0,69.0,14.0
GID Guthrie Peak,32.89083333,-109.3252778,3.88862609863,1713,0,70,37.0,35.0,28.0
GID Mule Mountain,31.47888889,-109.9616667,0.762611627579,2079,17,120,32.0,32.0,36.0
PHD Poland Junction,34.4675,-112.2669444,2.0104496479,1457,8,100,18.0,70.0,12.0
PHD Yarnell,34.21388889,-112.7522222,0.812419474125,1470,11,140,21.0,59.0,20.0
CHP Admin Road,32.00555556,-109.3577778,3.52091169357,1670,0,70,19.0,62.0,19.0
FBP Weather Station,32.14638889,-109.4352778,2.00604629517,1529,13,130,19.0,62.0,19.0
GCP LJ-3 PIED,36.04472222,-112.0941667,0.726511359215,2177,16,70,41.0,36.0,23.0
GCP LJ-3 PIPO,36.03472222,-112.0858333,1.10383963585,2186,16,100,41.0,36.0,23.0
GCP Shoeshone PIED,36.04,-112.0616667,1.73697888851,2131,16,70,41.0,36.0,23.0
GCP Shoeshone PIPO,36.03694444,-112.0619444,2.31986379623,2220,16,70,41.0,36.0,23.0
ASF Greer,34.03361111,-109.4522222,1.10077631474,2532,16,70,32.0,22.0,46.0
ASF Larson,34.34444444,-110.8330556,0.786539375782,2314,16,70,20.0,68.0,12.0
ASF Little MC,33.86166667,-109.0830556,4.23015737534,2531,21,70,37.0,42.0,21.0
ASF Little Pine,33.85861111,-109.0825,4.23015737534,2531,21,70,37.0,42.0,21.0
ASF Rim Lakes,34.38472222,-110.9886111,0.593874156475,2378,20,70,20.0,68.0,12.0
ASF Trail Cabin,33.26444444,-109.3677778,2.52942824364,1871,15,70,14.0,62.0,24.0
COF Baker,34.45638889,-111.4063889,1.50964343548,2195,22,70,18.0,61.0,21.0
COF Blue Ridge,34.60916667,-111.1847222,0.269269108772,2107,11,70,20.0,68.0,12.0
COF Cow Trap,34.72,-111.0908333,0.937313556671,1967,5,140,20.0,68.0,12.0
COF Fort Valley,35.28916667,-111.7191667,6.11367273331,2459,17,70,37.0,42.0,21.0
COF Marshall Lake,35.09888889,-111.5355556,0.209905192256,2200,0,70,37.0,42.0,21.0
COF Mormon Lake,35.15833333,-111.6625,0.437097549438,2111,13,70,37.0,42.0,21.0
COF Thompson Lane,34.91444444,-111.7258333,1.29797565937,1530,13,100,37.0,42.0,21.0
COF Winona,35.17861111,-111.3816667,0.70979309082,1882,0,130,20.0,68.0,12.0
CNF Alamo Canyon,31.37027778,-111.0144444,1.07193958759,1247,10,130,56.0,23.0,21.0
CNF Bog Springs,31.72722222,-110.8752778,5.75346899033,1501,30,70,56.0,23.0,21.0
CNF Columbine,32.70333333,-109.9116667,8.57629203796,2902,37,70,17.0,68.0,15.0
CNF Dry Lake,32.75361111,-110.0522222,9.56269550323,2069,25,70,38.0,39.0,23.0
CNF High Creek,32.55666667,-110.2297222,1.47004401684,1503,0,130,37.0,48.0,15.0
CNF Lower Carr,31.44861111,-110.2844444,3.82226371765,1646,16,70,22.0,53.0,25.0
CNF Mt. Hopkins,31.675,-110.88,7.54351139069,2199,25,70,56.0,23.0,21.0
CNF Noon Creek,32.66555556,-109.7955556,6.18772697449,1619,13,140,17.0,68.0,15.0
CNF Reddington Pass,32.30305556,-110.5808333,1.97655367851,1311,0,130,56.0,23.0,21.0
CNF Scout Camp,32.48111111,-110.725,10.846116066,1672,0,30,56.0,23.0,21.0
CNF Shake Trail,32.62888889,-109.84,3.87808346748,2694,25,70,17.0,68.0,15.0
GCP DevArea,36.21555556,-112.0605556,5.54856681824,2507,21,70,41.0,36.0,23.0
GCP Tipover,36.35194444,-112.2325,1.11760926247,2563,27,70,19.0,61.0,20.0
GCP Tower,36.33583333,-112.115,0.101375520229,2751,26,70,19.0,61.0,20.0
GCP Walhalla,36.23083333,-111.9808333,9.63584804535,2540,26,70,35.0,43.0,22.0
KNF 223-229,36.37944444,-112.155,1.05872797966,2785,29,70,19.0,61.0,20.0
KNF 429-454,36.57222222,-112.2558333,0.647911190987,2537,23,70,41.0,44.0,15.0
KNF Dry Park,36.44888889,-112.2441667,1.80654358864,2547,24,70,19.0,61.0,20.0
KNF Franks,36.51444444,-112.1677778,0.338660776615,2698,24,70,41.0,44.0,15.0
KNF Jacob Lake,36.70166667,-112.2152778,1.13925945759,2449,23,70,41.0,44.0,15.0
KNF Lefevre,36.78138889,-112.2616667,3.03477549553,2251,24,70,33.0,51.0,16.0
KNF Little Mountain,36.60305556,-112.3702778,1.14125025272,2231,25,70,41.0,44.0,15.0
KNF Tater,36.46222222,-112.1247222,0.763690173626,2680,17,70,19.0,61.0,20.0
KNF West,36.78861111,-112.3044444,3.36674308777,1941,13,120,33.0,51.0,16.0
KNF City,35.27361111,-112.3611111,0.694921374321,1856,9,70,32.0,22.0,46.0
KNF North,35.29361111,-112.055,0.806247472763,2132,16,70,30.0,28.0,42.0
KNF South,35.13694444,-112.1188889,1.24128425121,2163,18,70,37.0,42.0,21.0
PNF Cherry,34.59194444,-112.0444444,2.15705966949,1574,12,140,18.0,70.0,12.0
PNF Iron Springs,34.60083333,-112.5408333,2.12913417816,1766,8,70,33.0,34.0,33.0
PNF White Spar,34.44388889,-112.5477778,0.728228330612,1717,14,50,9.0,50.0,41.0
TNF Globe RAWS,33.32666667,-110.7666667,2.98898434639,1265,16,70,18.0,70.0,12.0
TNF Payson RD,34.24222222,-111.3058333,1.05313837528,1542,12,70,28.0,49.0,23.0
NAA Narbona Pass,36.07694444,-108.8605556,2.94039773941,2826,16,70,19.0,67.0,14.0
ZUA Buttes,35.14083333,-108.9413889,0.546531558037,2022,0,30,27.0,30.0,43.0
ZUA Repeater,34.96555556,-108.5866667,0.290762156248,2317,0,110,15.0,62.0,23.0
ABD Chain of Craters,34.86388889,-108.1769444,0.717231988907,2340,0,70,35.0,36.0,29.0
ABD Coal Creek,35.86666667,-106.9741667,0.618458688259,2008,0,130,33.0,35.0,32.0
ABD Grants,34.94972222,-107.8,0.487975478172,2082,0,130,29.0,50.0,21.0
CAD Alkali Lake,32.5025,-104.2091667,0.0828870460391,1003,0,30,14.0,68.0,18.0
FAD ES1,36.27138889,-107.565,2.23189473152,2110,8,130,33.0,46.0,21.0
FAD HC1,36.86111111,-107.8869444,0.868574678898,1869,7,30,33.0,46.0,21.0
FAD JC1,36.98611111,-107.3025,2.32611966133,2268,14,70,33.0,33.0,34.0
FAD RO1,36.85138889,-107.4133333,0.466076463461,1997,10,30,33.0,33.0,34.0
FAD Rosa,36.80972222,-107.4763889,1.18831336498,1943,10,110,33.0,33.0,34.0
LCD Dripping Springs,32.31777778,-106.5833333,5.11304473877,1852,0,110,22.0,68.0,10.0
SCD Chupadera,33.88166667,-106.2347222,1.16224002838,2061,12,130,37.0,39.0,24.0
SCD Datil PIPO,34.17944444,-107.8947222,0.877546668053,2339,9,30,19.0,67.0,14.0
SCD Datil Well,34.1525,-107.8602778,0.651014268398,2281,9,120,19.0,67.0,14.0
TAD Copper Hill North,36.20916667,-105.7575,2.84800672531,2305,13,70,36.0,38.0,26.0
TAD Copper Hill South,36.21361111,-105.7591667,5.45895528793,2328,13,70,36.0,38.0,26.0
TAD Scout Camp North,35.90666667,-105.8955556,1.50437355042,2245,19,70,18.0,57.0,25.0
TAD Scout Camp South,35.90777778,-105.8955556,1.50437355042,2245,19,30,18.0,57.0,25.0
TAD TAFO CH1,36.21361111,-105.7611111,5.45895528793,2328,13,70,36.0,38.0,26.0
TAD TAFO CR1,36.93888889,-105.6683333,9.4673910141,2680,0,70,34.0,35.0,31.0
TAD TAFO PM1,36.71333333,-105.8013889,0.911058366299,2333,9,130,46.0,18.0,36.0
TAD TAFO SC1,35.9,-105.89,1.69492340088,2248,19,70,18.0,57.0,25.0
TAD TAFO WM1,36.74305556,-105.9366667,3.04805493355,2533,0,130,46.0,18.0,36.0
TAD TAFO WR1,36.71333333,-105.6686111,2.81039977074,2359,14,70,34.0,35.0,31.0
TAD Wild Rivers North,36.68916667,-105.6747222,0.20841217041,2282,0,70,34.0,35.0,31.0
TAD Wild Rivers South,36.68305556,-105.6697222,1.05116951466,2326,0,70,34.0,35.0,31.0
BAP Apache Springs,35.82611111,-106.39,6.42478847504,2566,22,70,33.0,34.0,33.0
BAP Burnt Mesa,35.81777778,-106.3394444,1.48852801323,2211,6,120,33.0,34.0,33.0
BAP Cerro Grande,35.84527778,-106.4030556,2.28881049156,2794,24,70,33.0,34.0,33.0
BAP Scooter Peak,35.83388889,-106.4422222,3.5146484375,2756,24,70,33.0,34.0,33.0
EMP ELMA Fire Cache,34.99166667,-108.0383333,0.650359928608,2294,11,70,35.0,36.0,29.0
CAF Bixler,36.79888889,-107.2311111,2.53129720688,2191,10,70,39.0,43.0,18.0
CAF Carracas,36.97055556,-107.2869444,1.92029631138,2259,12,70,33.0,33.0,34.0
CAF Cebolla,36.52777778,-106.4458333,1.61094391346,2503,17,30,49.0,16.0,35.0
CAF Lost Lakes,36.62722222,-107.2133333,0.566926419735,2233,13,70,29.0,24.0,47.0
CAF Lucero Lakes,36.79972222,-106.1208333,2.04622077942,2857,0,100,37.0,42.0,21.0
CAF Malpais,36.6175,-106.0113889,2.27490568161,2687,18,70,19.0,61.0,20.0
CAF MDLV,36.41083333,-106.5572222,1.36843001842,2351,13,70,55.0,20.0,25.0
CAF Questa 1,36.73361111,-105.4969444,4.7065114975,2761,18,70,40.0,33.0,27.0
CAF Questa 2,36.6675,-105.6397222,2.0576570034,2289,20,70,34.0,35.0,31.0
CAF Truchas 1,36.06861111,-105.8072222,1.51943778992,2453,19,70,36.0,38.0,26.0
CAF Truchas 2,36.0475,-105.7361111,2.53380155563,2704,27,70,19.0,61.0,20.0
CIF David Canyon,34.98916667,-106.3544444,1.50924885273,2319,18,70,44.0,35.0,21.0
CIF Doc Long,35.17722222,-106.3816667,5.97174835205,2303,9,70,40.0,42.0,18.0
CIF Gallinas,34.23305556,-105.7961111,4.0638628006,2377,0,70,38.0,39.0,23.0
CIF Monica,33.89138889,-107.4908333,3.50718188286,2896,19,100,31.0,31.0,38.0
CIF Red Canyon,34.62333333,-106.4116667,6.34815073013,2488,29,70,44.0,35.0,21.0
CIF Thunderbird,34.56611111,-106.3886111,1.85253632069,2253,9,70,44.0,35.0,21.0
GNF Aspen Mtn,33.73472222,-108.9508333,3.43036413193,2461,28,70,33.0,33.0,34.0
GNF Eagle Peak,33.69111111,-108.5747222,6.48770475388,2658,25,70,37.0,42.0,21.0
GNF Five Springs Divide,33.74166667,-108.4780556,1.98884809017,2722,20,70,35.0,36.0,29.0
GNF Jenkins Creek,33.95777778,-109.0191667,0.0832288488746,2655,20,70,37.0,42.0,21.0
GNF Lincoln Canyon,32.995,-108.0669444,1.78932344913,1964,15,70,15.0,58.0,27.0
GNF Slaughter,34.06055556,-108.445,1.13945865631,2641,24,70,35.0,36.0,29.0
LNF Cosmic,32.77944444,-105.8188889,6.48350048065,2691,25,70,41.0,36.0,23.0
LNF Mayhill,32.92111111,-105.4627778,1.37240445614,2058,13,100,38.0,40.0,22.0
LNF Queen Admin,32.20388889,-104.6897222,1.04426288605,1698,11,140,45.0,34.0,21.0
LNF Smokey Bear,33.35055556,-105.6763889,1.89999449253,2130,13,70,38.0,39.0,23.0
LNF West Side,32.92138889,-105.835,4.89003372192,2240,24,70,41.0,36.0,23.0
SNF Banco Bonito,35.84583333,-106.6130556,3.01959276199,2554,24,70,42.0,43.0,15.0
SNF Caja Del Rio,35.70361111,-106.1675,2.0829539299,2141,9,130,26.0,38.0,36.0
SNF Encinoso,35.665,-105.4344444,3.59737062454,2369,22,70,33.0,33.0,34.0
SNF French Mesa,36.295,-106.7766667,0.496224403381,2506,22,70,33.0,33.0,34.0
SNF La Cueva,35.61333333,-105.7308333,2.90044689178,2393,22,70,19.0,61.0,20.0
SNF Las Vacas,35.995,-106.8183333,1.56087195873,2578,22,70,33.0,35.0,32.0
SNF Pecos,35.545,-105.4969444,2.48099350929,2494,19,70,33.0,33.0,34.0
SNF Watershed,35.68666667,-105.8602778,1.56439292431,2353,22,70,18.0,57.0,25.0
Bob Scott,39.45833333,-116.9933333,1.80244278908,2215,0,110,39.0,39.0,22.0
Burnside,38.75944444,-119.9269444,5.76630687714,2229,26,70,11.0,86.0,3.0
Clark Canyon,36.30527778,-115.8083333,2.32709360123,1897,0,130,35.0,49.0,16.0
Dog Valley RAWS,39.56388889,-120.0494444,2.4890730381,1813,27,70,27.0,52.0,21.0
Kingsbury,38.97611111,-119.8622222,10.8046159744,1962,16,70,11.0,86.0,3.0
Kyle Canyon,36.26111111,-115.6158333,8.98417758942,2161,22,70,37.0,48.0,15.0
Lee Canyon,36.34472222,-115.6505556,5.60644578934,2532,23,70,37.0,48.0,15.0
Long Doctor,38.49611111,-119.1986111,1.60004508495,2026,14,110,27.0,51.0,22.0
Lovell Canyon,36.08166667,-115.5619444,2.43398737907,1563,0,130,35.0,49.0,16.0
Manhattan,38.54805556,-117.035,1.60358607769,2378,12,70,22.0,64.0,14.0
Mill Canyon,38.44805556,-119.49,10.8769674301,2073,22,70,39.0,43.0,18.0
Mitchell Canyon,39.61861111,-120.0116667,2.03840780258,1679,14,70,27.0,52.0,21.0
Secret Springs,38.84111111,-115.2852778,4.536714077,2033,11,70,32.0,41.0,27.0
Twin Lakes,38.17333333,-119.3258333,9.32691001892,2165,14,70,29.0,50.0,21.0
Ward,39.16916667,-114.9716667,3.687520504,2309,19,70,40.0,44.0,16.0
Wolf Creek,38.61,-119.695,0.62539601326,1910,17,70,32.0,31.0,37.0
Adobe Creek,40.84833333,-116.0697222,1.57323312759,1653,9,30,38.0,42.0,20.0
Austin N6B,39.48277778,-117.2405556,0.601661860943,1767,0,130,70.0,11.0,19.0
Austin,39.48277778,-117.0719444,4.64387512207,2099,12,110,70.0,11.0,19.0
Beacon Pass,40.5575,-116.6902778,1.82291650772,1768,9,130,34.0,31.0,35.0
Carson,39.20722222,-119.7219444,5.72069215775,1583,0,130,25.0,41.0,34.0
DOYLE,40.04944444,-120.0272222,6.29749488831,1845,11,130,19.0,66.0,15.0
DUCK CREEK,39.49861111,-114.74,2.24974727631,1989,12,130,39.0,43.0,18.0
Fencemaker,40.07166667,-117.8488889,4.62101459503,1823,0,130,46.0,44.0,10.0
Fish Springs,38.93222222,-119.6486111,0.0904222205281,1569,0,30,25.0,41.0,34.0
JAKES VALLEY,38.91805556,-114.9569444,6.1160326004,1885,0,130,40.0,44.0,16.0
Lewis Canyon,40.47222222,-116.88,5.31385564804,1553,11,130,38.0,39.0,23.0
Lucky Springs,39.46222222,-115.9355556,3.97595953941,2276,0,140,75.0,6.0,19.0
Markleeville,38.7275,-119.7861111,1.71915912628,1865,17,70,27.0,49.0,24.0
McCoy Ridge,39.49138889,-115.9913889,7.18097400665,2188,0,30,75.0,6.0,19.0
National,41.86722222,-117.6813889,0.70219451189,1398,6,130,36.0,39.0,25.0
New Jungo,40.96833333,-117.8022222,2.46737313271,1348,9,30,41.0,45.0,14.0
Palisade,40.615,-116.1633333,4.95331954956,1680,0,130,33.0,33.0,34.0
Panter,40.54638889,-117.5752778,1.14125025272,1539,10,130,41.0,45.0,14.0
Pine Creek,36.12305556,-115.4641667,1.70484876633,1217,11,130,39.0,49.0,12.0
PIOCHE,37.94694444,-114.3825,0.671785473824,1675,0,130,19.0,64.0,17.0
RAINBOW CANYON,38.25,-114.5475,0.386278361082,1822,0,120,34.0,41.0,25.0
Red Rock,36.18222222,-115.5022222,9.06450557709,1826,15,110,35.0,49.0,16.0
RUTH,39.30972222,-114.9825,2.51349282265,2175,10,130,40.0,44.0,16.0
Sedge,39.16416667,-117.8219444,1.6080365181,1904,0,130,36.0,39.0,25.0
Walker,38.56944444,-119.4558333,8.68536281586,1702,12,130,36.0,37.0,27.0
Warm Springs,39.78916667,-119.6863889,0.979479432106,1479,7,130,39.0,42.0,19.0
Wells,41.12027778,-114.9369444,0.486460626125,1734,0,130,37.0,31.0,32.0
